// equipment_v2 generated rows — DO NOT HAND EDIT; regenerate via generate_equipment.py
10000	Guardian Greatsword T10	w0010	10100002	01020003	02020003	0	0	0	00	2	10	1	0	7	1	1	1	1	1	1	1	3510	1,2,3,4	10	1,8	0	0	9	-1	0	0	0	0	0	0	0	0	0	0	0	0	0	0	0	0	0	0	0	0	0	0	0,0	0,0	0,0	0,0	0,0	0,0	0,0	0,0	54,60	66,74	0,0	0,0	0,0	0,0	0,0	0,0	0,0	0,0	0,0	0,0	0,0	0,0	0	0,1000	10000,10000	3	0	0	0	0	0	0	0	0	0	0	0	0	0	0	T10 Guardian Greatsword T10 (Family set)	equipment_v2	1
10001	Guardian Sword T10	w0004	10100001	01010004	02010004	03010073	0	0	00	1	10	1	0	7	1	1	1	1	1	1	1	3510	1,2,3,4	10	1,9,10	0	0	9,6	-1	0	0	0	0	0	0	0	0	0	0	0	0	0	0	0	0	0	0	0	0	0	0	0,0	0,0	0,0	0,0	0,0	0,0	0,0	0,0	42,48	52,58	0,0	0,0	0,0	0,0	0,0	0,0	0,0	0,0	0,0	0,0	0,0	0,0	1	0,1000	10000,10000	3	0	0	0	0	0	0	0	0	0	0	0	0	0	0	T10 Guardian Sword T10 (Family set)	equipment_v2	1
10002	Guardian Bow T10	w0019	10100003	01030005	0	03030005	0	0	00	3	10	1	0	7	1	1	1	1	1	1	1	3510	1,2,3,4	10	2,11,12	0	0	6	-1	0	0	0	0	0	0	0	0	0	0	0	0	0	0	0	0	0	0	0	0	0	0	0,0	0,0	0,0	0,0	0,0	0,0	0,0	0,0	46,52	56,64	0,0	0,0	0,0	0,0	0,0	0,0	0,0	0,0	0,0	0,0	0,0	0,0	0	0,1000	10000,10000	3	0	0	0	0	0	0	0	0	0	0	0	0	0	0	T10 Guardian Bow T10 (Family set)	equipment_v2	1
10003	Guardian Gun T10	w0024	10100004	01040003	0	03040003	0	0	00	4	10	1	0	7	1	1	1	1	1	1	1	3510	1,2,3,4	10	2,11,12	0	0	9	-1	0	0	0	0	0	0	0	0	0	0	0	0	0	0	0	0	0	0	0	0	0	0	0,0	0,0	0,0	0,0	0,0	0,0	0,0	0,0	46,52	56,64	0,0	0,0	0,0	0,0	0,0	0,0	0,0	0,0	0,0	0,0	0,0	0,0	0	0,1000	10000,10000	3	0	0	0	0	0	0	0	0	0	0	0	0	0	0	T10 Guardian Gun T10 (Family set)	equipment_v2	1
10004	Guardian Staff T10	w0060	10100009	0	0	03090004	04090004	0	00	9	10	1	0	7	1	1	1	1	1	1	1	3510	1,2,3,4	10	5,13,14	0	0	9	-1	0	0	0	0	0	0	0	0	0	0	0	0	0	0	0	0	0	0	0	0	0	0	0,0	0,0	0,0	0,0	0,0	0,0	0,0	0,0	54,60	66,74	0,0	0,0	0,0	0,0	0,0	0,0	0,0	0,0	0,0	0,0	0,0	0,0	0	0,1000	10000,10000	3	0	0	0	0	0	0	0	0	0	0	0	0	0	0	T10 Guardian Staff T10 (Family set)	equipment_v2	1
10005	Guardian Dagger T10	w0046	10100007	01070004	0	03070004	04070004	0	00	7	10	1	0	7	1	1	1	1	1	1	1	3510	1,2,3,4	10	4,16	0	0	9	-1	0	0	0	0	0	0	0	0	0	0	0	0	0	0	0	0	0	0	0	0	0	0	0,0	0,0	0,0	0,0	0,0	0,0	0,0	0,0	54,60	66,74	0,0	0,0	0,0	0,0	0,0	0,0	0,0	0,0	0,0	0,0	0,0	0,0	1	0,1000	10000,10000	3	0	0	0	0	0	0	0	0	0	0	0	0	0	0	T10 Guardian Dagger T10 (Family set)	equipment_v2	1
10006	Guardian Cap T10	e0699	10110001	0	0	0	0003970001	0	00	20	10	1	0	7	1	1	1	1	1	1	1	3510	1,2,3,4	10	1,2,3,4,5,8,9,10,12,13,14,16	0	0	0	-1	0	0	0	0	0	0	0	0	0	0	0	0	0	0	0	0	0	0	0	0	0	0	0,0	0,0	0,0	0,0	0,0	0,0	0,0	0,0	0,0	0,0	4,4	0,0	0,0	0,0	0,0	0,0	0,0	0,0	0,0	0,0	0,0	0,0	0	0,1000	8000,8000	2	0	0	0	0	0	0	0	0	0	0	0	0	0	0	T10 Guardian Cap T10 (Family set)	equipment_v2	1
10007	Guardian Body T10	e0102	10110002	0000060002	0001060002	0002591002	0	0	00	22	10	1	0	7	1	1	1	1	1	1	1	3510	1,2,3,4	10	1,2,3,4,5,8,9,10,12,13,14,16	0	0	2	-1	0	0	0	0	0	0	0	0	0	0	0	0	0	0	0	0	0	0	0	0	0	0	0,0	0,0	0,0	0,0	0,0	0,0	0,0	0,0	0,0	0,0	10,10	0,0	0,0	0,0	0,0	0,0	0,0	0,0	0,0	0,0	0,0	0,0	0	0,1000	8000,8000	2	0	0	0	0	0	0	0	0	0	0	0	0	0	0	T10 Guardian Body T10 (Family set)	equipment_v2	1
10008	Guardian Gloves T10	e0277	10110003	0000060003	0001060003	0002591003	0	0	00	23	10	1	0	7	1	1	1	1	1	1	1	3510	1,2,3,4	10	1,2,3,4,5,8,9,10,12,13,14,16	0	0	3	-1	0	0	0	0	0	0	0	0	0	0	0	0	0	0	0	0	0	0	0	0	0	0	0,0	0,0	0,0	0,0	0,0	0,0	0,0	0,0	0,0	0,0	4,4	0,0	0,0	0,0	0,0	0,0	0,0	0,0	0,0	0,0	0,0	0,0	0	0,1000	8000,8000	2	0	0	0	0	0	0	0	0	0	0	0	0	0	0	T10 Guardian Gloves T10 (Family set)	equipment_v2	1
10009	Guardian Boots T10	e0452	10110004	0000060004	0001060004	0002591004	0	0	00	24	10	1	0	7	1	1	1	1	1	1	1	3510	1,2,3,4	10	1,2,3,4,5,8,9,10,12,13,14,16	0	0	4	-1	0	0	0	0	0	0	0	0	0	0	0	0	0	0	0	0	0	0	0	0	0	0	0,0	0,0	0,0	0,0	0,0	0,0	0,0	0,0	0,0	0,0	4,4	0,0	0,0	0,0	0,0	0,0	0,0	0,0	0,0	0,0	0,0	0,0	0	0,1000	8000,8000	2	0	0	0	0	0	0	0	0	0	0	0	0	0	0	T10 Guardian Boots T10 (Family set)	equipment_v2	1
10010	Guardian Necklace T10	l0004	10130005	0	0	0	0	0	00	25	10	1	0	7	1	1	1	1	1	1	1	3510	1,2,3,4	10	-1	0	0	5	-1	0	0	0	0	0	0	0	0	0	0	0	0	0	0	0	0	0	0	0	0	0	0	0,0	0,0	0,0	0,0	0,0	0,0	0,0	0,0	0,0	0,0	0,0	20,20	0,0	0,0	0,0	0,0	0,0	0,0	0,0	0,0	0,0	0,0	0	0,1000	8000,8000	1	0	0	0	0	0	0	0	0	0	0	0	0	0	0	T10 Guardian Necklace T10 (Family set)	equipment_v2	1
10011	Guardian Ring T10	r0015	10130005	0	0	0	0	0	00	26	10	1	0	7	1	1	1	1	1	1	1	3510	1,2,3,4	10	-1	0	0	7,8	-1	0	0	0	0	0	0	0	0	0	0	0	0	0	0	0	0	0	0	0	0	0	0	0,0	0,0	0,0	0,0	0,0	0,0	0,0	0,0	0,0	0,0	0,0	10,10	0,0	0,0	0,0	0,0	0,0	0,0	0,0	0,0	0,0	0,0	0	0,1000	8000,8000	1	0	0	0	0	0	0	0	0	0	0	0	0	0	0	T10 Guardian Ring T10 (Family set)	equipment_v2	1
10012	Royal Greatsword T10	w0010	10100002	01020003	02020003	0	0	0	00	2	10	2	0	7	1	1	1	1	1	1	1	3520	1,2,3,4	10	1,8	0	0	9	-1	0	0	0	0	0	0	0	0	0	0	0	0	0	0	0	0	0	0	0	0	0	0	0,0	0,0	0,0	0,0	0,0	0,0	0,0	0,0	54,60	66,74	0,0	0,0	0,0	0,0	0,0	0,0	0,0	0,0	0,0	0,0	0,0	0,0	0	0,1000	10000,10000	3	0	0	0	0	0	0	0	0	0	0	0	0	0	0	T10 Royal Greatsword T10 (Family set)	equipment_v2	1
10013	Royal Sword T10	w0004	10100001	01010004	02010004	03010073	0	0	00	1	10	2	0	7	1	1	1	1	1	1	1	3520	1,2,3,4	10	1,9,10	0	0	9,6	-1	0	0	0	0	0	0	0	0	0	0	0	0	0	0	0	0	0	0	0	0	0	0	0,0	0,0	0,0	0,0	0,0	0,0	0,0	0,0	42,48	52,58	0,0	0,0	0,0	0,0	0,0	0,0	0,0	0,0	0,0	0,0	0,0	0,0	1	0,1000	10000,10000	3	0	0	0	0	0	0	0	0	0	0	0	0	0	0	T10 Royal Sword T10 (Family set)	equipment_v2	1
10014	Royal Bow T10	w0019	10100003	01030005	0	03030005	0	0	00	3	10	2	0	7	1	1	1	1	1	1	1	3520	1,2,3,4	10	2,11,12	0	0	6	-1	0	0	0	0	0	0	0	0	0	0	0	0	0	0	0	0	0	0	0	0	0	0	0,0	0,0	0,0	0,0	0,0	0,0	0,0	0,0	46,52	56,64	0,0	0,0	0,0	0,0	0,0	0,0	0,0	0,0	0,0	0,0	0,0	0,0	0	0,1000	10000,10000	3	0	0	0	0	0	0	0	0	0	0	0	0	0	0	T10 Royal Bow T10 (Family set)	equipment_v2	1
10015	Royal Gun T10	w0024	10100004	01040003	0	03040003	0	0	00	4	10	2	0	7	1	1	1	1	1	1	1	3520	1,2,3,4	10	2,11,12	0	0	9	-1	0	0	0	0	0	0	0	0	0	0	0	0	0	0	0	0	0	0	0	0	0	0	0,0	0,0	0,0	0,0	0,0	0,0	0,0	0,0	46,52	56,64	0,0	0,0	0,0	0,0	0,0	0,0	0,0	0,0	0,0	0,0	0,0	0,0	0	0,1000	10000,10000	3	0	0	0	0	0	0	0	0	0	0	0	0	0	0	T10 Royal Gun T10 (Family set)	equipment_v2	1
10016	Royal Staff T10	w0060	10100009	0	0	03090004	04090004	0	00	9	10	2	0	7	1	1	1	1	1	1	1	3520	1,2,3,4	10	5,13,14	0	0	9	-1	0	0	0	0	0	0	0	0	0	0	0	0	0	0	0	0	0	0	0	0	0	0	0,0	0,0	0,0	0,0	0,0	0,0	0,0	0,0	54,60	66,74	0,0	0,0	0,0	0,0	0,0	0,0	0,0	0,0	0,0	0,0	0,0	0,0	0	0,1000	10000,10000	3	0	0	0	0	0	0	0	0	0	0	0	0	0	0	T10 Royal Staff T10 (Family set)	equipment_v2	1
10017	Royal Dagger T10	w0046	10100007	01070004	0	03070004	04070004	0	00	7	10	2	0	7	1	1	1	1	1	1	1	3520	1,2,3,4	10	4,16	0	0	9	-1	0	0	0	0	0	0	0	0	0	0	0	0	0	0	0	0	0	0	0	0	0	0	0,0	0,0	0,0	0,0	0,0	0,0	0,0	0,0	54,60	66,74	0,0	0,0	0,0	0,0	0,0	0,0	0,0	0,0	0,0	0,0	0,0	0,0	1	0,1000	10000,10000	3	0	0	0	0	0	0	0	0	0	0	0	0	0	0	T10 Royal Dagger T10 (Family set)	equipment_v2	1
10018	Royal Cap T10	e0699	10110001	0	0	0	0003970001	0	00	20	10	2	0	7	1	1	1	1	1	1	1	3520	1,2,3,4	10	1,2,3,4,5,8,9,10,12,13,14,16	0	0	0	-1	0	0	0	0	0	0	0	0	0	0	0	0	0	0	0	0	0	0	0	0	0	0	0,0	0,0	0,0	0,0	0,0	0,0	0,0	0,0	0,0	0,0	4,4	0,0	0,0	0,0	0,0	0,0	0,0	0,0	0,0	0,0	0,0	0,0	0	0,1000	8000,8000	2	0	0	0	0	0	0	0	0	0	0	0	0	0	0	T10 Royal Cap T10 (Family set)	equipment_v2	1
10019	Royal Body T10	e0102	10110002	0000060002	0001060002	0002591002	0	0	00	22	10	2	0	7	1	1	1	1	1	1	1	3520	1,2,3,4	10	1,2,3,4,5,8,9,10,12,13,14,16	0	0	2	-1	0	0	0	0	0	0	0	0	0	0	0	0	0	0	0	0	0	0	0	0	0	0	0,0	0,0	0,0	0,0	0,0	0,0	0,0	0,0	0,0	0,0	10,10	0,0	0,0	0,0	0,0	0,0	0,0	0,0	0,0	0,0	0,0	0,0	0	0,1000	8000,8000	2	0	0	0	0	0	0	0	0	0	0	0	0	0	0	T10 Royal Body T10 (Family set)	equipment_v2	1
10020	Royal Gloves T10	e0277	10110003	0000060003	0001060003	0002591003	0	0	00	23	10	2	0	7	1	1	1	1	1	1	1	3520	1,2,3,4	10	1,2,3,4,5,8,9,10,12,13,14,16	0	0	3	-1	0	0	0	0	0	0	0	0	0	0	0	0	0	0	0	0	0	0	0	0	0	0	0,0	0,0	0,0	0,0	0,0	0,0	0,0	0,0	0,0	0,0	4,4	0,0	0,0	0,0	0,0	0,0	0,0	0,0	0,0	0,0	0,0	0,0	0	0,1000	8000,8000	2	0	0	0	0	0	0	0	0	0	0	0	0	0	0	T10 Royal Gloves T10 (Family set)	equipment_v2	1
10021	Royal Boots T10	e0452	10110004	0000060004	0001060004	0002591004	0	0	00	24	10	2	0	7	1	1	1	1	1	1	1	3520	1,2,3,4	10	1,2,3,4,5,8,9,10,12,13,14,16	0	0	4	-1	0	0	0	0	0	0	0	0	0	0	0	0	0	0	0	0	0	0	0	0	0	0	0,0	0,0	0,0	0,0	0,0	0,0	0,0	0,0	0,0	0,0	4,4	0,0	0,0	0,0	0,0	0,0	0,0	0,0	0,0	0,0	0,0	0,0	0	0,1000	8000,8000	2	0	0	0	0	0	0	0	0	0	0	0	0	0	0	T10 Royal Boots T10 (Family set)	equipment_v2	1
10022	Royal Necklace T10	l0004	10130005	0	0	0	0	0	00	25	10	2	0	7	1	1	1	1	1	1	1	3520	1,2,3,4	10	-1	0	0	5	-1	0	0	0	0	0	0	0	0	0	0	0	0	0	0	0	0	0	0	0	0	0	0	0,0	0,0	0,0	0,0	0,0	0,0	0,0	0,0	0,0	0,0	0,0	20,20	0,0	0,0	0,0	0,0	0,0	0,0	0,0	0,0	0,0	0,0	0	0,1000	8000,8000	1	0	0	0	0	0	0	0	0	0	0	0	0	0	0	T10 Royal Necklace T10 (Family set)	equipment_v2	1
10023	Royal Ring T10	r0015	10130005	0	0	0	0	0	00	26	10	2	0	7	1	1	1	1	1	1	1	3520	1,2,3,4	10	-1	0	0	7,8	-1	0	0	0	0	0	0	0	0	0	0	0	0	0	0	0	0	0	0	0	0	0	0	0,0	0,0	0,0	0,0	0,0	0,0	0,0	0,0	0,0	0,0	0,0	10,10	0,0	0,0	0,0	0,0	0,0	0,0	0,0	0,0	0,0	0,0	0	0,1000	8000,8000	1	0	0	0	0	0	0	0	0	0	0	0	0	0	0	T10 Royal Ring T10 (Family set)	equipment_v2	1
10024	Wind Greatsword T10	w0010	10100002	01020003	02020003	0	0	0	00	2	10	3	0	7	1	1	1	1	1	1	1	3530	1,2,3,4	10	1,8	0	0	9	-1	0	0	0	0	0	0	0	0	0	0	0	0	0	0	0	0	0	0	0	0	0	0	0,0	0,0	0,0	0,0	0,0	0,0	0,0	0,0	54,60	66,74	0,0	0,0	0,0	0,0	0,0	0,0	0,0	0,0	0,0	0,0	0,0	0,0	0	0,1000	10000,10000	3	0	0	0	0	0	0	0	0	0	0	0	0	0	0	T10 Wind Greatsword T10 (Family set)	equipment_v2	1
10025	Wind Sword T10	w0004	10100001	01010004	02010004	03010073	0	0	00	1	10	3	0	7	1	1	1	1	1	1	1	3530	1,2,3,4	10	1,9,10	0	0	9,6	-1	0	0	0	0	0	0	0	0	0	0	0	0	0	0	0	0	0	0	0	0	0	0	0,0	0,0	0,0	0,0	0,0	0,0	0,0	0,0	42,48	52,58	0,0	0,0	0,0	0,0	0,0	0,0	0,0	0,0	0,0	0,0	0,0	0,0	1	0,1000	10000,10000	3	0	0	0	0	0	0	0	0	0	0	0	0	0	0	T10 Wind Sword T10 (Family set)	equipment_v2	1
10026	Wind Bow T10	w0019	10100003	01030005	0	03030005	0	0	00	3	10	3	0	7	1	1	1	1	1	1	1	3530	1,2,3,4	10	2,11,12	0	0	6	-1	0	0	0	0	0	0	0	0	0	0	0	0	0	0	0	0	0	0	0	0	0	0	0,0	0,0	0,0	0,0	0,0	0,0	0,0	0,0	46,52	56,64	0,0	0,0	0,0	0,0	0,0	0,0	0,0	0,0	0,0	0,0	0,0	0,0	0	0,1000	10000,10000	3	0	0	0	0	0	0	0	0	0	0	0	0	0	0	T10 Wind Bow T10 (Family set)	equipment_v2	1
10027	Wind Gun T10	w0024	10100004	01040003	0	03040003	0	0	00	4	10	3	0	7	1	1	1	1	1	1	1	3530	1,2,3,4	10	2,11,12	0	0	9	-1	0	0	0	0	0	0	0	0	0	0	0	0	0	0	0	0	0	0	0	0	0	0	0,0	0,0	0,0	0,0	0,0	0,0	0,0	0,0	46,52	56,64	0,0	0,0	0,0	0,0	0,0	0,0	0,0	0,0	0,0	0,0	0,0	0,0	0	0,1000	10000,10000	3	0	0	0	0	0	0	0	0	0	0	0	0	0	0	T10 Wind Gun T10 (Family set)	equipment_v2	1
10028	Wind Staff T10	w0060	10100009	0	0	03090004	04090004	0	00	9	10	3	0	7	1	1	1	1	1	1	1	3530	1,2,3,4	10	5,13,14	0	0	9	-1	0	0	0	0	0	0	0	0	0	0	0	0	0	0	0	0	0	0	0	0	0	0	0,0	0,0	0,0	0,0	0,0	0,0	0,0	0,0	54,60	66,74	0,0	0,0	0,0	0,0	0,0	0,0	0,0	0,0	0,0	0,0	0,0	0,0	0	0,1000	10000,10000	3	0	0	0	0	0	0	0	0	0	0	0	0	0	0	T10 Wind Staff T10 (Family set)	equipment_v2	1
10029	Wind Dagger T10	w0046	10100007	01070004	0	03070004	04070004	0	00	7	10	3	0	7	1	1	1	1	1	1	1	3530	1,2,3,4	10	4,16	0	0	9	-1	0	0	0	0	0	0	0	0	0	0	0	0	0	0	0	0	0	0	0	0	0	0	0,0	0,0	0,0	0,0	0,0	0,0	0,0	0,0	54,60	66,74	0,0	0,0	0,0	0,0	0,0	0,0	0,0	0,0	0,0	0,0	0,0	0,0	1	0,1000	10000,10000	3	0	0	0	0	0	0	0	0	0	0	0	0	0	0	T10 Wind Dagger T10 (Family set)	equipment_v2	1
10030	Wind Cap T10	e0699	10110001	0	0	0	0003970001	0	00	20	10	3	0	7	1	1	1	1	1	1	1	3530	1,2,3,4	10	1,2,3,4,5,8,9,10,12,13,14,16	0	0	0	-1	0	0	0	0	0	0	0	0	0	0	0	0	0	0	0	0	0	0	0	0	0	0	0,0	0,0	0,0	0,0	0,0	0,0	0,0	0,0	0,0	0,0	4,4	0,0	0,0	0,0	0,0	0,0	0,0	0,0	0,0	0,0	0,0	0,0	0	0,1000	8000,8000	2	0	0	0	0	0	0	0	0	0	0	0	0	0	0	T10 Wind Cap T10 (Family set)	equipment_v2	1
10031	Wind Body T10	e0102	10110002	0000060002	0001060002	0002591002	0	0	00	22	10	3	0	7	1	1	1	1	1	1	1	3530	1,2,3,4	10	1,2,3,4,5,8,9,10,12,13,14,16	0	0	2	-1	0	0	0	0	0	0	0	0	0	0	0	0	0	0	0	0	0	0	0	0	0	0	0,0	0,0	0,0	0,0	0,0	0,0	0,0	0,0	0,0	0,0	10,10	0,0	0,0	0,0	0,0	0,0	0,0	0,0	0,0	0,0	0,0	0,0	0	0,1000	8000,8000	2	0	0	0	0	0	0	0	0	0	0	0	0	0	0	T10 Wind Body T10 (Family set)	equipment_v2	1
10032	Wind Gloves T10	e0277	10110003	0000060003	0001060003	0002591003	0	0	00	23	10	3	0	7	1	1	1	1	1	1	1	3530	1,2,3,4	10	1,2,3,4,5,8,9,10,12,13,14,16	0	0	3	-1	0	0	0	0	0	0	0	0	0	0	0	0	0	0	0	0	0	0	0	0	0	0	0,0	0,0	0,0	0,0	0,0	0,0	0,0	0,0	0,0	0,0	4,4	0,0	0,0	0,0	0,0	0,0	0,0	0,0	0,0	0,0	0,0	0,0	0	0,1000	8000,8000	2	0	0	0	0	0	0	0	0	0	0	0	0	0	0	T10 Wind Gloves T10 (Family set)	equipment_v2	1
10033	Wind Boots T10	e0452	10110004	0000060004	0001060004	0002591004	0	0	00	24	10	3	0	7	1	1	1	1	1	1	1	3530	1,2,3,4	10	1,2,3,4,5,8,9,10,12,13,14,16	0	0	4	-1	0	0	0	0	0	0	0	0	0	0	0	0	0	0	0	0	0	0	0	0	0	0	0,0	0,0	0,0	0,0	0,0	0,0	0,0	0,0	0,0	0,0	4,4	0,0	0,0	0,0	0,0	0,0	0,0	0,0	0,0	0,0	0,0	0,0	0	0,1000	8000,8000	2	0	0	0	0	0	0	0	0	0	0	0	0	0	0	T10 Wind Boots T10 (Family set)	equipment_v2	1
10034	Wind Necklace T10	l0004	10130005	0	0	0	0	0	00	25	10	3	0	7	1	1	1	1	1	1	1	3530	1,2,3,4	10	-1	0	0	5	-1	0	0	0	0	0	0	0	0	0	0	0	0	0	0	0	0	0	0	0	0	0	0	0,0	0,0	0,0	0,0	0,0	0,0	0,0	0,0	0,0	0,0	0,0	20,20	0,0	0,0	0,0	0,0	0,0	0,0	0,0	0,0	0,0	0,0	0	0,1000	8000,8000	1	0	0	0	0	0	0	0	0	0	0	0	0	0	0	T10 Wind Necklace T10 (Family set)	equipment_v2	1
10035	Wind Ring T10	r0015	10130005	0	0	0	0	0	00	26	10	3	0	7	1	1	1	1	1	1	1	3530	1,2,3,4	10	-1	0	0	7,8	-1	0	0	0	0	0	0	0	0	0	0	0	0	0	0	0	0	0	0	0	0	0	0	0,0	0,0	0,0	0,0	0,0	0,0	0,0	0,0	0,0	0,0	0,0	10,10	0,0	0,0	0,0	0,0	0,0	0,0	0,0	0,0	0,0	0,0	0	0,1000	8000,8000	1	0	0	0	0	0	0	0	0	0	0	0	0	0	0	T10 Wind Ring T10 (Family set)	equipment_v2	1
10036	Hunter Greatsword T10	w0010	10100002	01020003	02020003	0	0	0	00	2	10	4	0	7	1	1	1	1	1	1	1	3540	1,2,3,4	10	1,8	0	0	9	-1	0	0	0	0	0	0	0	0	0	0	0	0	0	0	0	0	0	0	0	0	0	0	0,0	0,0	0,0	0,0	0,0	0,0	0,0	0,0	54,60	66,74	0,0	0,0	0,0	0,0	0,0	0,0	0,0	0,0	0,0	0,0	0,0	0,0	0	0,1000	10000,10000	3	0	0	0	0	0	0	0	0	0	0	0	0	0	0	T10 Hunter Greatsword T10 (Family set)	equipment_v2	1
10037	Hunter Sword T10	w0004	10100001	01010004	02010004	03010073	0	0	00	1	10	4	0	7	1	1	1	1	1	1	1	3540	1,2,3,4	10	1,9,10	0	0	9,6	-1	0	0	0	0	0	0	0	0	0	0	0	0	0	0	0	0	0	0	0	0	0	0	0,0	0,0	0,0	0,0	0,0	0,0	0,0	0,0	42,48	52,58	0,0	0,0	0,0	0,0	0,0	0,0	0,0	0,0	0,0	0,0	0,0	0,0	1	0,1000	10000,10000	3	0	0	0	0	0	0	0	0	0	0	0	0	0	0	T10 Hunter Sword T10 (Family set)	equipment_v2	1
10038	Hunter Bow T10	w0019	10100003	01030005	0	03030005	0	0	00	3	10	4	0	7	1	1	1	1	1	1	1	3540	1,2,3,4	10	2,11,12	0	0	6	-1	0	0	0	0	0	0	0	0	0	0	0	0	0	0	0	0	0	0	0	0	0	0	0,0	0,0	0,0	0,0	0,0	0,0	0,0	0,0	46,52	56,64	0,0	0,0	0,0	0,0	0,0	0,0	0,0	0,0	0,0	0,0	0,0	0,0	0	0,1000	10000,10000	3	0	0	0	0	0	0	0	0	0	0	0	0	0	0	T10 Hunter Bow T10 (Family set)	equipment_v2	1
10039	Hunter Gun T10	w0024	10100004	01040003	0	03040003	0	0	00	4	10	4	0	7	1	1	1	1	1	1	1	3540	1,2,3,4	10	2,11,12	0	0	9	-1	0	0	0	0	0	0	0	0	0	0	0	0	0	0	0	0	0	0	0	0	0	0	0,0	0,0	0,0	0,0	0,0	0,0	0,0	0,0	46,52	56,64	0,0	0,0	0,0	0,0	0,0	0,0	0,0	0,0	0,0	0,0	0,0	0,0	0	0,1000	10000,10000	3	0	0	0	0	0	0	0	0	0	0	0	0	0	0	T10 Hunter Gun T10 (Family set)	equipment_v2	1
10040	Hunter Staff T10	w0060	10100009	0	0	03090004	04090004	0	00	9	10	4	0	7	1	1	1	1	1	1	1	3540	1,2,3,4	10	5,13,14	0	0	9	-1	0	0	0	0	0	0	0	0	0	0	0	0	0	0	0	0	0	0	0	0	0	0	0,0	0,0	0,0	0,0	0,0	0,0	0,0	0,0	54,60	66,74	0,0	0,0	0,0	0,0	0,0	0,0	0,0	0,0	0,0	0,0	0,0	0,0	0	0,1000	10000,10000	3	0	0	0	0	0	0	0	0	0	0	0	0	0	0	T10 Hunter Staff T10 (Family set)	equipment_v2	1
10041	Hunter Dagger T10	w0046	10100007	01070004	0	03070004	04070004	0	00	7	10	4	0	7	1	1	1	1	1	1	1	3540	1,2,3,4	10	4,16	0	0	9	-1	0	0	0	0	0	0	0	0	0	0	0	0	0	0	0	0	0	0	0	0	0	0	0,0	0,0	0,0	0,0	0,0	0,0	0,0	0,0	54,60	66,74	0,0	0,0	0,0	0,0	0,0	0,0	0,0	0,0	0,0	0,0	0,0	0,0	1	0,1000	10000,10000	3	0	0	0	0	0	0	0	0	0	0	0	0	0	0	T10 Hunter Dagger T10 (Family set)	equipment_v2	1
10042	Hunter Cap T10	e0699	10110001	0	0	0	0003970001	0	00	20	10	4	0	7	1	1	1	1	1	1	1	3540	1,2,3,4	10	1,2,3,4,5,8,9,10,12,13,14,16	0	0	0	-1	0	0	0	0	0	0	0	0	0	0	0	0	0	0	0	0	0	0	0	0	0	0	0,0	0,0	0,0	0,0	0,0	0,0	0,0	0,0	0,0	0,0	4,4	0,0	0,0	0,0	0,0	0,0	0,0	0,0	0,0	0,0	0,0	0,0	0	0,1000	8000,8000	2	0	0	0	0	0	0	0	0	0	0	0	0	0	0	T10 Hunter Cap T10 (Family set)	equipment_v2	1
10043	Hunter Body T10	e0102	10110002	0000060002	0001060002	0002591002	0	0	00	22	10	4	0	7	1	1	1	1	1	1	1	3540	1,2,3,4	10	1,2,3,4,5,8,9,10,12,13,14,16	0	0	2	-1	0	0	0	0	0	0	0	0	0	0	0	0	0	0	0	0	0	0	0	0	0	0	0,0	0,0	0,0	0,0	0,0	0,0	0,0	0,0	0,0	0,0	10,10	0,0	0,0	0,0	0,0	0,0	0,0	0,0	0,0	0,0	0,0	0,0	0	0,1000	8000,8000	2	0	0	0	0	0	0	0	0	0	0	0	0	0	0	T10 Hunter Body T10 (Family set)	equipment_v2	1
10044	Hunter Gloves T10	e0277	10110003	0000060003	0001060003	0002591003	0	0	00	23	10	4	0	7	1	1	1	1	1	1	1	3540	1,2,3,4	10	1,2,3,4,5,8,9,10,12,13,14,16	0	0	3	-1	0	0	0	0	0	0	0	0	0	0	0	0	0	0	0	0	0	0	0	0	0	0	0,0	0,0	0,0	0,0	0,0	0,0	0,0	0,0	0,0	0,0	4,4	0,0	0,0	0,0	0,0	0,0	0,0	0,0	0,0	0,0	0,0	0,0	0	0,1000	8000,8000	2	0	0	0	0	0	0	0	0	0	0	0	0	0	0	T10 Hunter Gloves T10 (Family set)	equipment_v2	1
10045	Hunter Boots T10	e0452	10110004	0000060004	0001060004	0002591004	0	0	00	24	10	4	0	7	1	1	1	1	1	1	1	3540	1,2,3,4	10	1,2,3,4,5,8,9,10,12,13,14,16	0	0	4	-1	0	0	0	0	0	0	0	0	0	0	0	0	0	0	0	0	0	0	0	0	0	0	0,0	0,0	0,0	0,0	0,0	0,0	0,0	0,0	0,0	0,0	4,4	0,0	0,0	0,0	0,0	0,0	0,0	0,0	0,0	0,0	0,0	0,0	0	0,1000	8000,8000	2	0	0	0	0	0	0	0	0	0	0	0	0	0	0	T10 Hunter Boots T10 (Family set)	equipment_v2	1
10046	Hunter Necklace T10	l0004	10130005	0	0	0	0	0	00	25	10	4	0	7	1	1	1	1	1	1	1	3540	1,2,3,4	10	-1	0	0	5	-1	0	0	0	0	0	0	0	0	0	0	0	0	0	0	0	0	0	0	0	0	0	0	0,0	0,0	0,0	0,0	0,0	0,0	0,0	0,0	0,0	0,0	0,0	20,20	0,0	0,0	0,0	0,0	0,0	0,0	0,0	0,0	0,0	0,0	0	0,1000	8000,8000	1	0	0	0	0	0	0	0	0	0	0	0	0	0	0	T10 Hunter Necklace T10 (Family set)	equipment_v2	1
10047	Hunter Ring T10	r0015	10130005	0	0	0	0	0	00	26	10	4	0	7	1	1	1	1	1	1	1	3540	1,2,3,4	10	-1	0	0	7,8	-1	0	0	0	0	0	0	0	0	0	0	0	0	0	0	0	0	0	0	0	0	0	0	0,0	0,0	0,0	0,0	0,0	0,0	0,0	0,0	0,0	0,0	0,0	10,10	0,0	0,0	0,0	0,0	0,0	0,0	0,0	0,0	0,0	0,0	0	0,1000	8000,8000	1	0	0	0	0	0	0	0	0	0	0	0	0	0	0	T10 Hunter Ring T10 (Family set)	equipment_v2	1
10048	Shadow Greatsword T10	w0010	10100002	01020003	02020003	0	0	0	00	2	10	5	0	7	1	1	1	1	1	1	1	3550	1,2,3,4	10	1,8	0	0	9	-1	0	0	0	0	0	0	0	0	0	0	0	0	0	0	0	0	0	0	0	0	0	0	0,0	0,0	0,0	0,0	0,0	0,0	0,0	0,0	54,60	66,74	0,0	0,0	0,0	0,0	0,0	0,0	0,0	0,0	0,0	0,0	0,0	0,0	0	0,1000	10000,10000	3	0	0	0	0	0	0	0	0	0	0	0	0	0	0	T10 Shadow Greatsword T10 (Family set)	equipment_v2	1
10049	Shadow Sword T10	w0004	10100001	01010004	02010004	03010073	0	0	00	1	10	5	0	7	1	1	1	1	1	1	1	3550	1,2,3,4	10	1,9,10	0	0	9,6	-1	0	0	0	0	0	0	0	0	0	0	0	0	0	0	0	0	0	0	0	0	0	0	0,0	0,0	0,0	0,0	0,0	0,0	0,0	0,0	42,48	52,58	0,0	0,0	0,0	0,0	0,0	0,0	0,0	0,0	0,0	0,0	0,0	0,0	1	0,1000	10000,10000	3	0	0	0	0	0	0	0	0	0	0	0	0	0	0	T10 Shadow Sword T10 (Family set)	equipment_v2	1
10050	Shadow Bow T10	w0019	10100003	01030005	0	03030005	0	0	00	3	10	5	0	7	1	1	1	1	1	1	1	3550	1,2,3,4	10	2,11,12	0	0	6	-1	0	0	0	0	0	0	0	0	0	0	0	0	0	0	0	0	0	0	0	0	0	0	0,0	0,0	0,0	0,0	0,0	0,0	0,0	0,0	46,52	56,64	0,0	0,0	0,0	0,0	0,0	0,0	0,0	0,0	0,0	0,0	0,0	0,0	0	0,1000	10000,10000	3	0	0	0	0	0	0	0	0	0	0	0	0	0	0	T10 Shadow Bow T10 (Family set)	equipment_v2	1
10051	Shadow Gun T10	w0024	10100004	01040003	0	03040003	0	0	00	4	10	5	0	7	1	1	1	1	1	1	1	3550	1,2,3,4	10	2,11,12	0	0	9	-1	0	0	0	0	0	0	0	0	0	0	0	0	0	0	0	0	0	0	0	0	0	0	0,0	0,0	0,0	0,0	0,0	0,0	0,0	0,0	46,52	56,64	0,0	0,0	0,0	0,0	0,0	0,0	0,0	0,0	0,0	0,0	0,0	0,0	0	0,1000	10000,10000	3	0	0	0	0	0	0	0	0	0	0	0	0	0	0	T10 Shadow Gun T10 (Family set)	equipment_v2	1
10052	Shadow Staff T10	w0060	10100009	0	0	03090004	04090004	0	00	9	10	5	0	7	1	1	1	1	1	1	1	3550	1,2,3,4	10	5,13,14	0	0	9	-1	0	0	0	0	0	0	0	0	0	0	0	0	0	0	0	0	0	0	0	0	0	0	0,0	0,0	0,0	0,0	0,0	0,0	0,0	0,0	54,60	66,74	0,0	0,0	0,0	0,0	0,0	0,0	0,0	0,0	0,0	0,0	0,0	0,0	0	0,1000	10000,10000	3	0	0	0	0	0	0	0	0	0	0	0	0	0	0	T10 Shadow Staff T10 (Family set)	equipment_v2	1
10053	Shadow Dagger T10	w0046	10100007	01070004	0	03070004	04070004	0	00	7	10	5	0	7	1	1	1	1	1	1	1	3550	1,2,3,4	10	4,16	0	0	9	-1	0	0	0	0	0	0	0	0	0	0	0	0	0	0	0	0	0	0	0	0	0	0	0,0	0,0	0,0	0,0	0,0	0,0	0,0	0,0	54,60	66,74	0,0	0,0	0,0	0,0	0,0	0,0	0,0	0,0	0,0	0,0	0,0	0,0	1	0,1000	10000,10000	3	0	0	0	0	0	0	0	0	0	0	0	0	0	0	T10 Shadow Dagger T10 (Family set)	equipment_v2	1
10054	Shadow Cap T10	e0699	10110001	0	0	0	0003970001	0	00	20	10	5	0	7	1	1	1	1	1	1	1	3550	1,2,3,4	10	1,2,3,4,5,8,9,10,12,13,14,16	0	0	0	-1	0	0	0	0	0	0	0	0	0	0	0	0	0	0	0	0	0	0	0	0	0	0	0,0	0,0	0,0	0,0	0,0	0,0	0,0	0,0	0,0	0,0	4,4	0,0	0,0	0,0	0,0	0,0	0,0	0,0	0,0	0,0	0,0	0,0	0	0,1000	8000,8000	2	0	0	0	0	0	0	0	0	0	0	0	0	0	0	T10 Shadow Cap T10 (Family set)	equipment_v2	1
10055	Shadow Body T10	e0102	10110002	0000060002	0001060002	0002591002	0	0	00	22	10	5	0	7	1	1	1	1	1	1	1	3550	1,2,3,4	10	1,2,3,4,5,8,9,10,12,13,14,16	0	0	2	-1	0	0	0	0	0	0	0	0	0	0	0	0	0	0	0	0	0	0	0	0	0	0	0,0	0,0	0,0	0,0	0,0	0,0	0,0	0,0	0,0	0,0	10,10	0,0	0,0	0,0	0,0	0,0	0,0	0,0	0,0	0,0	0,0	0,0	0	0,1000	8000,8000	2	0	0	0	0	0	0	0	0	0	0	0	0	0	0	T10 Shadow Body T10 (Family set)	equipment_v2	1
10056	Shadow Gloves T10	e0277	10110003	0000060003	0001060003	0002591003	0	0	00	23	10	5	0	7	1	1	1	1	1	1	1	3550	1,2,3,4	10	1,2,3,4,5,8,9,10,12,13,14,16	0	0	3	-1	0	0	0	0	0	0	0	0	0	0	0	0	0	0	0	0	0	0	0	0	0	0	0,0	0,0	0,0	0,0	0,0	0,0	0,0	0,0	0,0	0,0	4,4	0,0	0,0	0,0	0,0	0,0	0,0	0,0	0,0	0,0	0,0	0,0	0	0,1000	8000,8000	2	0	0	0	0	0	0	0	0	0	0	0	0	0	0	T10 Shadow Gloves T10 (Family set)	equipment_v2	1
10057	Shadow Boots T10	e0452	10110004	0000060004	0001060004	0002591004	0	0	00	24	10	5	0	7	1	1	1	1	1	1	1	3550	1,2,3,4	10	1,2,3,4,5,8,9,10,12,13,14,16	0	0	4	-1	0	0	0	0	0	0	0	0	0	0	0	0	0	0	0	0	0	0	0	0	0	0	0,0	0,0	0,0	0,0	0,0	0,0	0,0	0,0	0,0	0,0	4,4	0,0	0,0	0,0	0,0	0,0	0,0	0,0	0,0	0,0	0,0	0,0	0	0,1000	8000,8000	2	0	0	0	0	0	0	0	0	0	0	0	0	0	0	T10 Shadow Boots T10 (Family set)	equipment_v2	1
10058	Shadow Necklace T10	l0004	10130005	0	0	0	0	0	00	25	10	5	0	7	1	1	1	1	1	1	1	3550	1,2,3,4	10	-1	0	0	5	-1	0	0	0	0	0	0	0	0	0	0	0	0	0	0	0	0	0	0	0	0	0	0	0,0	0,0	0,0	0,0	0,0	0,0	0,0	0,0	0,0	0,0	0,0	20,20	0,0	0,0	0,0	0,0	0,0	0,0	0,0	0,0	0,0	0,0	0	0,1000	8000,8000	1	0	0	0	0	0	0	0	0	0	0	0	0	0	0	T10 Shadow Necklace T10 (Family set)	equipment_v2	1
10059	Shadow Ring T10	r0015	10130005	0	0	0	0	0	00	26	10	5	0	7	1	1	1	1	1	1	1	3550	1,2,3,4	10	-1	0	0	7,8	-1	0	0	0	0	0	0	0	0	0	0	0	0	0	0	0	0	0	0	0	0	0	0	0,0	0,0	0,0	0,0	0,0	0,0	0,0	0,0	0,0	0,0	0,0	10,10	0,0	0,0	0,0	0,0	0,0	0,0	0,0	0,0	0,0	0,0	0	0,1000	8000,8000	1	0	0	0	0	0	0	0	0	0	0	0	0	0	0	T10 Shadow Ring T10 (Family set)	equipment_v2	1
10060	Sanctum Greatsword T10	w0010	10100002	01020003	02020003	0	0	0	00	2	10	6	0	7	1	1	1	1	1	1	1	3560	1,2,3,4	10	1,8	0	0	9	-1	0	0	0	0	0	0	0	0	0	0	0	0	0	0	0	0	0	0	0	0	0	0	0,0	0,0	0,0	0,0	0,0	0,0	0,0	0,0	54,60	66,74	0,0	0,0	0,0	0,0	0,0	0,0	0,0	0,0	0,0	0,0	0,0	0,0	0	0,1000	10000,10000	3	0	0	0	0	0	0	0	0	0	0	0	0	0	0	T10 Sanctum Greatsword T10 (Family set)	equipment_v2	1
10061	Sanctum Sword T10	w0004	10100001	01010004	02010004	03010073	0	0	00	1	10	6	0	7	1	1	1	1	1	1	1	3560	1,2,3,4	10	1,9,10	0	0	9,6	-1	0	0	0	0	0	0	0	0	0	0	0	0	0	0	0	0	0	0	0	0	0	0	0,0	0,0	0,0	0,0	0,0	0,0	0,0	0,0	42,48	52,58	0,0	0,0	0,0	0,0	0,0	0,0	0,0	0,0	0,0	0,0	0,0	0,0	1	0,1000	10000,10000	3	0	0	0	0	0	0	0	0	0	0	0	0	0	0	T10 Sanctum Sword T10 (Family set)	equipment_v2	1
10062	Sanctum Bow T10	w0019	10100003	01030005	0	03030005	0	0	00	3	10	6	0	7	1	1	1	1	1	1	1	3560	1,2,3,4	10	2,11,12	0	0	6	-1	0	0	0	0	0	0	0	0	0	0	0	0	0	0	0	0	0	0	0	0	0	0	0,0	0,0	0,0	0,0	0,0	0,0	0,0	0,0	46,52	56,64	0,0	0,0	0,0	0,0	0,0	0,0	0,0	0,0	0,0	0,0	0,0	0,0	0	0,1000	10000,10000	3	0	0	0	0	0	0	0	0	0	0	0	0	0	0	T10 Sanctum Bow T10 (Family set)	equipment_v2	1
10063	Sanctum Gun T10	w0024	10100004	01040003	0	03040003	0	0	00	4	10	6	0	7	1	1	1	1	1	1	1	3560	1,2,3,4	10	2,11,12	0	0	9	-1	0	0	0	0	0	0	0	0	0	0	0	0	0	0	0	0	0	0	0	0	0	0	0,0	0,0	0,0	0,0	0,0	0,0	0,0	0,0	46,52	56,64	0,0	0,0	0,0	0,0	0,0	0,0	0,0	0,0	0,0	0,0	0,0	0,0	0	0,1000	10000,10000	3	0	0	0	0	0	0	0	0	0	0	0	0	0	0	T10 Sanctum Gun T10 (Family set)	equipment_v2	1
10064	Sanctum Staff T10	w0060	10100009	0	0	03090004	04090004	0	00	9	10	6	0	7	1	1	1	1	1	1	1	3560	1,2,3,4	10	5,13,14	0	0	9	-1	0	0	0	0	0	0	0	0	0	0	0	0	0	0	0	0	0	0	0	0	0	0	0,0	0,0	0,0	0,0	0,0	0,0	0,0	0,0	54,60	66,74	0,0	0,0	0,0	0,0	0,0	0,0	0,0	0,0	0,0	0,0	0,0	0,0	0	0,1000	10000,10000	3	0	0	0	0	0	0	0	0	0	0	0	0	0	0	T10 Sanctum Staff T10 (Family set)	equipment_v2	1
10065	Sanctum Dagger T10	w0046	10100007	01070004	0	03070004	04070004	0	00	7	10	6	0	7	1	1	1	1	1	1	1	3560	1,2,3,4	10	4,16	0	0	9	-1	0	0	0	0	0	0	0	0	0	0	0	0	0	0	0	0	0	0	0	0	0	0	0,0	0,0	0,0	0,0	0,0	0,0	0,0	0,0	54,60	66,74	0,0	0,0	0,0	0,0	0,0	0,0	0,0	0,0	0,0	0,0	0,0	0,0	1	0,1000	10000,10000	3	0	0	0	0	0	0	0	0	0	0	0	0	0	0	T10 Sanctum Dagger T10 (Family set)	equipment_v2	1
10066	Sanctum Cap T10	e0699	10110001	0	0	0	0003970001	0	00	20	10	6	0	7	1	1	1	1	1	1	1	3560	1,2,3,4	10	1,2,3,4,5,8,9,10,12,13,14,16	0	0	0	-1	0	0	0	0	0	0	0	0	0	0	0	0	0	0	0	0	0	0	0	0	0	0	0,0	0,0	0,0	0,0	0,0	0,0	0,0	0,0	0,0	0,0	4,4	0,0	0,0	0,0	0,0	0,0	0,0	0,0	0,0	0,0	0,0	0,0	0	0,1000	8000,8000	2	0	0	0	0	0	0	0	0	0	0	0	0	0	0	T10 Sanctum Cap T10 (Family set)	equipment_v2	1
10067	Sanctum Body T10	e0102	10110002	0000060002	0001060002	0002591002	0	0	00	22	10	6	0	7	1	1	1	1	1	1	1	3560	1,2,3,4	10	1,2,3,4,5,8,9,10,12,13,14,16	0	0	2	-1	0	0	0	0	0	0	0	0	0	0	0	0	0	0	0	0	0	0	0	0	0	0	0,0	0,0	0,0	0,0	0,0	0,0	0,0	0,0	0,0	0,0	10,10	0,0	0,0	0,0	0,0	0,0	0,0	0,0	0,0	0,0	0,0	0,0	0	0,1000	8000,8000	2	0	0	0	0	0	0	0	0	0	0	0	0	0	0	T10 Sanctum Body T10 (Family set)	equipment_v2	1
10068	Sanctum Gloves T10	e0277	10110003	0000060003	0001060003	0002591003	0	0	00	23	10	6	0	7	1	1	1	1	1	1	1	3560	1,2,3,4	10	1,2,3,4,5,8,9,10,12,13,14,16	0	0	3	-1	0	0	0	0	0	0	0	0	0	0	0	0	0	0	0	0	0	0	0	0	0	0	0,0	0,0	0,0	0,0	0,0	0,0	0,0	0,0	0,0	0,0	4,4	0,0	0,0	0,0	0,0	0,0	0,0	0,0	0,0	0,0	0,0	0,0	0	0,1000	8000,8000	2	0	0	0	0	0	0	0	0	0	0	0	0	0	0	T10 Sanctum Gloves T10 (Family set)	equipment_v2	1
10069	Sanctum Boots T10	e0452	10110004	0000060004	0001060004	0002591004	0	0	00	24	10	6	0	7	1	1	1	1	1	1	1	3560	1,2,3,4	10	1,2,3,4,5,8,9,10,12,13,14,16	0	0	4	-1	0	0	0	0	0	0	0	0	0	0	0	0	0	0	0	0	0	0	0	0	0	0	0,0	0,0	0,0	0,0	0,0	0,0	0,0	0,0	0,0	0,0	4,4	0,0	0,0	0,0	0,0	0,0	0,0	0,0	0,0	0,0	0,0	0,0	0	0,1000	8000,8000	2	0	0	0	0	0	0	0	0	0	0	0	0	0	0	T10 Sanctum Boots T10 (Family set)	equipment_v2	1
10070	Sanctum Necklace T10	l0004	10130005	0	0	0	0	0	00	25	10	6	0	7	1	1	1	1	1	1	1	3560	1,2,3,4	10	-1	0	0	5	-1	0	0	0	0	0	0	0	0	0	0	0	0	0	0	0	0	0	0	0	0	0	0	0,0	0,0	0,0	0,0	0,0	0,0	0,0	0,0	0,0	0,0	0,0	20,20	0,0	0,0	0,0	0,0	0,0	0,0	0,0	0,0	0,0	0,0	0	0,1000	8000,8000	1	0	0	0	0	0	0	0	0	0	0	0	0	0	0	T10 Sanctum Necklace T10 (Family set)	equipment_v2	1
10071	Sanctum Ring T10	r0015	10130005	0	0	0	0	0	00	26	10	6	0	7	1	1	1	1	1	1	1	3560	1,2,3,4	10	-1	0	0	7,8	-1	0	0	0	0	0	0	0	0	0	0	0	0	0	0	0	0	0	0	0	0	0	0	0,0	0,0	0,0	0,0	0,0	0,0	0,0	0,0	0,0	0,0	0,0	10,10	0,0	0,0	0,0	0,0	0,0	0,0	0,0	0,0	0,0	0,0	0	0,1000	8000,8000	1	0	0	0	0	0	0	0	0	0	0	0	0	0	0	T10 Sanctum Ring T10 (Family set)	equipment_v2	1
10100	Guardian Greatsword T20	w0010	10100002	01020003	02020003	0	0	0	00	2	10	1	0	7	1	1	1	1	1	1	1	6010	1,2,3,4	20	1,8	0	0	9	-1	0	0	0	0	0	0	0	0	0	0	0	0	0	0	0	0	0	0	0	0	0	0	0,0	0,0	0,0	0,0	0,0	0,0	0,0	0,0	85,95	103,117	0,0	0,0	0,0	0,0	0,0	0,0	0,0	0,0	0,0	0,0	0,0	0,0	0	0,1000	10000,10000	3	0	0	0	0	0	0	0	0	0	0	0	0	0	0	T20 Guardian Greatsword T20 (Family set)	equipment_v2	1
10101	Guardian Sword T20	w0004	10100001	01010004	02010004	03010073	0	0	00	1	10	1	0	7	1	1	1	1	1	1	1	6010	1,2,3,4	20	1,9,10	0	0	9,6	-1	0	0	0	0	0	0	0	0	0	0	0	0	0	0	0	0	0	0	0	0	0	0	0,0	0,0	0,0	0,0	0,0	0,0	0,0	0,0	66,74	80,90	0,0	0,0	0,0	0,0	0,0	0,0	0,0	0,0	0,0	0,0	0,0	0,0	1	0,1000	10000,10000	3	0	0	0	0	0	0	0	0	0	0	0	0	0	0	T20 Guardian Sword T20 (Family set)	equipment_v2	1
10102	Guardian Bow T20	w0019	10100003	01030005	0	03030005	0	0	00	3	10	1	0	7	1	1	1	1	1	1	1	6010	1,2,3,4	20	2,11,12	0	0	6	-1	0	0	0	0	0	0	0	0	0	0	0	0	0	0	0	0	0	0	0	0	0	0	0,0	0,0	0,0	0,0	0,0	0,0	0,0	0,0	77,87	94,106	0,0	0,0	0,0	0,0	0,0	0,0	0,0	0,0	0,0	0,0	0,0	0,0	0	0,1000	10000,10000	3	0	0	0	0	0	0	0	0	0	0	0	0	0	0	T20 Guardian Bow T20 (Family set)	equipment_v2	1
10103	Guardian Gun T20	w0024	10100004	01040003	0	03040003	0	0	00	4	10	1	0	7	1	1	1	1	1	1	1	6010	1,2,3,4	20	2,11,12	0	0	9	-1	0	0	0	0	0	0	0	0	0	0	0	0	0	0	0	0	0	0	0	0	0	0	0,0	0,0	0,0	0,0	0,0	0,0	0,0	0,0	77,87	94,106	0,0	0,0	0,0	0,0	0,0	0,0	0,0	0,0	0,0	0,0	0,0	0,0	0	0,1000	10000,10000	3	0	0	0	0	0	0	0	0	0	0	0	0	0	0	T20 Guardian Gun T20 (Family set)	equipment_v2	1
10104	Guardian Staff T20	w0060	10100009	0	0	03090004	04090004	0	00	9	10	1	0	7	1	1	1	1	1	1	1	6010	1,2,3,4	20	5,13,14	0	0	9	-1	0	0	0	0	0	0	0	0	0	0	0	0	0	0	0	0	0	0	0	0	0	0	0,0	0,0	0,0	0,0	0,0	0,0	0,0	0,0	96,108	118,132	0,0	0,0	0,0	0,0	0,0	0,0	0,0	0,0	0,0	0,0	0,0	0,0	0	0,1000	10000,10000	3	0	0	0	0	0	0	0	0	0	0	0	0	0	0	T20 Guardian Staff T20 (Family set)	equipment_v2	1
10105	Guardian Dagger T20	w0046	10100007	01070004	0	03070004	04070004	0	00	7	10	1	0	7	1	1	1	1	1	1	1	6010	1,2,3,4	20	4,16	0	0	9	-1	0	0	0	0	0	0	0	0	0	0	0	0	0	0	0	0	0	0	0	0	0	0	0,0	0,0	0,0	0,0	0,0	0,0	0,0	0,0	96,108	118,132	0,0	0,0	0,0	0,0	0,0	0,0	0,0	0,0	0,0	0,0	0,0	0,0	1	0,1000	10000,10000	3	0	0	0	0	0	0	0	0	0	0	0	0	0	0	T20 Guardian Dagger T20 (Family set)	equipment_v2	1
10106	Guardian Cap T20	e0699	10110001	0	0	0	0003970001	0	00	20	10	1	0	7	1	1	1	1	1	1	1	6010	1,2,3,4	20	1,2,3,4,5,8,9,10,12,13,14,16	0	0	0	-1	0	0	0	0	0	0	0	0	0	0	0	0	0	0	0	0	0	0	0	0	0	0	0,0	0,0	0,0	0,0	0,0	0,0	0,0	0,0	0,0	0,0	5,5	0,0	0,0	0,0	0,0	0,0	0,0	0,0	0,0	0,0	0,0	0,0	0	0,1000	8000,8000	2	0	0	0	0	0	0	0	0	0	0	0	0	0	0	T20 Guardian Cap T20 (Family set)	equipment_v2	1
10107	Guardian Body T20	e0102	10110002	0000060002	0001060002	0002591002	0	0	00	22	10	1	0	7	1	1	1	1	1	1	1	6010	1,2,3,4	20	1,2,3,4,5,8,9,10,12,13,14,16	0	0	2	-1	0	0	0	0	0	0	0	0	0	0	0	0	0	0	0	0	0	0	0	0	0	0	0,0	0,0	0,0	0,0	0,0	0,0	0,0	0,0	0,0	0,0	14,14	0,0	0,0	0,0	0,0	0,0	0,0	0,0	0,0	0,0	0,0	0,0	0	0,1000	8000,8000	2	0	0	0	0	0	0	0	0	0	0	0	0	0	0	T20 Guardian Body T20 (Family set)	equipment_v2	1
10108	Guardian Gloves T20	e0277	10110003	0000060003	0001060003	0002591003	0	0	00	23	10	1	0	7	1	1	1	1	1	1	1	6010	1,2,3,4	20	1,2,3,4,5,8,9,10,12,13,14,16	0	0	3	-1	0	0	0	0	0	0	0	0	0	0	0	0	0	0	0	0	0	0	0	0	0	0	0,0	0,0	0,0	0,0	0,0	0,0	0,0	0,0	0,0	0,0	5,5	0,0	0,0	0,0	0,0	0,0	0,0	0,0	0,0	0,0	0,0	0,0	0	0,1000	8000,8000	2	0	0	0	0	0	0	0	0	0	0	0	0	0	0	T20 Guardian Gloves T20 (Family set)	equipment_v2	1
10109	Guardian Boots T20	e0452	10110004	0000060004	0001060004	0002591004	0	0	00	24	10	1	0	7	1	1	1	1	1	1	1	6010	1,2,3,4	20	1,2,3,4,5,8,9,10,12,13,14,16	0	0	4	-1	0	0	0	0	0	0	0	0	0	0	0	0	0	0	0	0	0	0	0	0	0	0	0,0	0,0	0,0	0,0	0,0	0,0	0,0	0,0	0,0	0,0	5,5	0,0	0,0	0,0	0,0	0,0	0,0	0,0	0,0	0,0	0,0	0,0	0	0,1000	8000,8000	2	0	0	0	0	0	0	0	0	0	0	0	0	0	0	T20 Guardian Boots T20 (Family set)	equipment_v2	1
10110	Guardian Necklace T20	l0004	10130005	0	0	0	0	0	00	25	10	1	0	7	1	1	1	1	1	1	1	6010	1,2,3,4	20	-1	0	0	5	-1	0	0	0	0	0	0	0	0	0	0	0	0	0	0	0	0	0	0	0	0	0	0	0,0	0,0	0,0	0,0	0,0	0,0	0,0	0,0	0,0	0,0	0,0	35,35	0,0	0,0	0,0	0,0	0,0	0,0	0,0	0,0	0,0	0,0	0	0,1000	8000,8000	1	0	0	0	0	0	0	0	0	0	0	0	0	0	0	T20 Guardian Necklace T20 (Family set)	equipment_v2	1
10111	Guardian Ring T20	r0015	10130005	0	0	0	0	0	00	26	10	1	0	7	1	1	1	1	1	1	1	6010	1,2,3,4	20	-1	0	0	7,8	-1	0	0	0	0	0	0	0	0	0	0	0	0	0	0	0	0	0	0	0	0	0	0	0,0	0,0	0,0	0,0	0,0	0,0	0,0	0,0	0,0	0,0	0,0	17,17	0,0	0,0	0,0	0,0	0,0	0,0	0,0	0,0	0,0	0,0	0	0,1000	8000,8000	1	0	0	0	0	0	0	0	0	0	0	0	0	0	0	T20 Guardian Ring T20 (Family set)	equipment_v2	1
10112	Royal Greatsword T20	w0010	10100002	01020003	02020003	0	0	0	00	2	10	2	0	7	1	1	1	1	1	1	1	6020	1,2,3,4	20	1,8	0	0	9	-1	0	0	0	0	0	0	0	0	0	0	0	0	0	0	0	0	0	0	0	0	0	0	0,0	0,0	0,0	0,0	0,0	0,0	0,0	0,0	85,95	103,117	0,0	0,0	0,0	0,0	0,0	0,0	0,0	0,0	0,0	0,0	0,0	0,0	0	0,1000	10000,10000	3	0	0	0	0	0	0	0	0	0	0	0	0	0	0	T20 Royal Greatsword T20 (Family set)	equipment_v2	1
10113	Royal Sword T20	w0004	10100001	01010004	02010004	03010073	0	0	00	1	10	2	0	7	1	1	1	1	1	1	1	6020	1,2,3,4	20	1,9,10	0	0	9,6	-1	0	0	0	0	0	0	0	0	0	0	0	0	0	0	0	0	0	0	0	0	0	0	0,0	0,0	0,0	0,0	0,0	0,0	0,0	0,0	66,74	80,90	0,0	0,0	0,0	0,0	0,0	0,0	0,0	0,0	0,0	0,0	0,0	0,0	1	0,1000	10000,10000	3	0	0	0	0	0	0	0	0	0	0	0	0	0	0	T20 Royal Sword T20 (Family set)	equipment_v2	1
10114	Royal Bow T20	w0019	10100003	01030005	0	03030005	0	0	00	3	10	2	0	7	1	1	1	1	1	1	1	6020	1,2,3,4	20	2,11,12	0	0	6	-1	0	0	0	0	0	0	0	0	0	0	0	0	0	0	0	0	0	0	0	0	0	0	0,0	0,0	0,0	0,0	0,0	0,0	0,0	0,0	77,87	94,106	0,0	0,0	0,0	0,0	0,0	0,0	0,0	0,0	0,0	0,0	0,0	0,0	0	0,1000	10000,10000	3	0	0	0	0	0	0	0	0	0	0	0	0	0	0	T20 Royal Bow T20 (Family set)	equipment_v2	1
10115	Royal Gun T20	w0024	10100004	01040003	0	03040003	0	0	00	4	10	2	0	7	1	1	1	1	1	1	1	6020	1,2,3,4	20	2,11,12	0	0	9	-1	0	0	0	0	0	0	0	0	0	0	0	0	0	0	0	0	0	0	0	0	0	0	0,0	0,0	0,0	0,0	0,0	0,0	0,0	0,0	77,87	94,106	0,0	0,0	0,0	0,0	0,0	0,0	0,0	0,0	0,0	0,0	0,0	0,0	0	0,1000	10000,10000	3	0	0	0	0	0	0	0	0	0	0	0	0	0	0	T20 Royal Gun T20 (Family set)	equipment_v2	1
10116	Royal Staff T20	w0060	10100009	0	0	03090004	04090004	0	00	9	10	2	0	7	1	1	1	1	1	1	1	6020	1,2,3,4	20	5,13,14	0	0	9	-1	0	0	0	0	0	0	0	0	0	0	0	0	0	0	0	0	0	0	0	0	0	0	0,0	0,0	0,0	0,0	0,0	0,0	0,0	0,0	96,108	118,132	0,0	0,0	0,0	0,0	0,0	0,0	0,0	0,0	0,0	0,0	0,0	0,0	0	0,1000	10000,10000	3	0	0	0	0	0	0	0	0	0	0	0	0	0	0	T20 Royal Staff T20 (Family set)	equipment_v2	1
10117	Royal Dagger T20	w0046	10100007	01070004	0	03070004	04070004	0	00	7	10	2	0	7	1	1	1	1	1	1	1	6020	1,2,3,4	20	4,16	0	0	9	-1	0	0	0	0	0	0	0	0	0	0	0	0	0	0	0	0	0	0	0	0	0	0	0,0	0,0	0,0	0,0	0,0	0,0	0,0	0,0	96,108	118,132	0,0	0,0	0,0	0,0	0,0	0,0	0,0	0,0	0,0	0,0	0,0	0,0	1	0,1000	10000,10000	3	0	0	0	0	0	0	0	0	0	0	0	0	0	0	T20 Royal Dagger T20 (Family set)	equipment_v2	1
10118	Royal Cap T20	e0699	10110001	0	0	0	0003970001	0	00	20	10	2	0	7	1	1	1	1	1	1	1	6020	1,2,3,4	20	1,2,3,4,5,8,9,10,12,13,14,16	0	0	0	-1	0	0	0	0	0	0	0	0	0	0	0	0	0	0	0	0	0	0	0	0	0	0	0,0	0,0	0,0	0,0	0,0	0,0	0,0	0,0	0,0	0,0	5,5	0,0	0,0	0,0	0,0	0,0	0,0	0,0	0,0	0,0	0,0	0,0	0	0,1000	8000,8000	2	0	0	0	0	0	0	0	0	0	0	0	0	0	0	T20 Royal Cap T20 (Family set)	equipment_v2	1
10119	Royal Body T20	e0102	10110002	0000060002	0001060002	0002591002	0	0	00	22	10	2	0	7	1	1	1	1	1	1	1	6020	1,2,3,4	20	1,2,3,4,5,8,9,10,12,13,14,16	0	0	2	-1	0	0	0	0	0	0	0	0	0	0	0	0	0	0	0	0	0	0	0	0	0	0	0,0	0,0	0,0	0,0	0,0	0,0	0,0	0,0	0,0	0,0	14,14	0,0	0,0	0,0	0,0	0,0	0,0	0,0	0,0	0,0	0,0	0,0	0	0,1000	8000,8000	2	0	0	0	0	0	0	0	0	0	0	0	0	0	0	T20 Royal Body T20 (Family set)	equipment_v2	1
10120	Royal Gloves T20	e0277	10110003	0000060003	0001060003	0002591003	0	0	00	23	10	2	0	7	1	1	1	1	1	1	1	6020	1,2,3,4	20	1,2,3,4,5,8,9,10,12,13,14,16	0	0	3	-1	0	0	0	0	0	0	0	0	0	0	0	0	0	0	0	0	0	0	0	0	0	0	0,0	0,0	0,0	0,0	0,0	0,0	0,0	0,0	0,0	0,0	5,5	0,0	0,0	0,0	0,0	0,0	0,0	0,0	0,0	0,0	0,0	0,0	0	0,1000	8000,8000	2	0	0	0	0	0	0	0	0	0	0	0	0	0	0	T20 Royal Gloves T20 (Family set)	equipment_v2	1
10121	Royal Boots T20	e0452	10110004	0000060004	0001060004	0002591004	0	0	00	24	10	2	0	7	1	1	1	1	1	1	1	6020	1,2,3,4	20	1,2,3,4,5,8,9,10,12,13,14,16	0	0	4	-1	0	0	0	0	0	0	0	0	0	0	0	0	0	0	0	0	0	0	0	0	0	0	0,0	0,0	0,0	0,0	0,0	0,0	0,0	0,0	0,0	0,0	5,5	0,0	0,0	0,0	0,0	0,0	0,0	0,0	0,0	0,0	0,0	0,0	0	0,1000	8000,8000	2	0	0	0	0	0	0	0	0	0	0	0	0	0	0	T20 Royal Boots T20 (Family set)	equipment_v2	1
10122	Royal Necklace T20	l0004	10130005	0	0	0	0	0	00	25	10	2	0	7	1	1	1	1	1	1	1	6020	1,2,3,4	20	-1	0	0	5	-1	0	0	0	0	0	0	0	0	0	0	0	0	0	0	0	0	0	0	0	0	0	0	0,0	0,0	0,0	0,0	0,0	0,0	0,0	0,0	0,0	0,0	0,0	35,35	0,0	0,0	0,0	0,0	0,0	0,0	0,0	0,0	0,0	0,0	0	0,1000	8000,8000	1	0	0	0	0	0	0	0	0	0	0	0	0	0	0	T20 Royal Necklace T20 (Family set)	equipment_v2	1
10123	Royal Ring T20	r0015	10130005	0	0	0	0	0	00	26	10	2	0	7	1	1	1	1	1	1	1	6020	1,2,3,4	20	-1	0	0	7,8	-1	0	0	0	0	0	0	0	0	0	0	0	0	0	0	0	0	0	0	0	0	0	0	0,0	0,0	0,0	0,0	0,0	0,0	0,0	0,0	0,0	0,0	0,0	17,17	0,0	0,0	0,0	0,0	0,0	0,0	0,0	0,0	0,0	0,0	0	0,1000	8000,8000	1	0	0	0	0	0	0	0	0	0	0	0	0	0	0	T20 Royal Ring T20 (Family set)	equipment_v2	1
10124	Wind Greatsword T20	w0010	10100002	01020003	02020003	0	0	0	00	2	10	3	0	7	1	1	1	1	1	1	1	6030	1,2,3,4	20	1,8	0	0	9	-1	0	0	0	0	0	0	0	0	0	0	0	0	0	0	0	0	0	0	0	0	0	0	0,0	0,0	0,0	0,0	0,0	0,0	0,0	0,0	85,95	103,117	0,0	0,0	0,0	0,0	0,0	0,0	0,0	0,0	0,0	0,0	0,0	0,0	0	0,1000	10000,10000	3	0	0	0	0	0	0	0	0	0	0	0	0	0	0	T20 Wind Greatsword T20 (Family set)	equipment_v2	1
10125	Wind Sword T20	w0004	10100001	01010004	02010004	03010073	0	0	00	1	10	3	0	7	1	1	1	1	1	1	1	6030	1,2,3,4	20	1,9,10	0	0	9,6	-1	0	0	0	0	0	0	0	0	0	0	0	0	0	0	0	0	0	0	0	0	0	0	0,0	0,0	0,0	0,0	0,0	0,0	0,0	0,0	66,74	80,90	0,0	0,0	0,0	0,0	0,0	0,0	0,0	0,0	0,0	0,0	0,0	0,0	1	0,1000	10000,10000	3	0	0	0	0	0	0	0	0	0	0	0	0	0	0	T20 Wind Sword T20 (Family set)	equipment_v2	1
10126	Wind Bow T20	w0019	10100003	01030005	0	03030005	0	0	00	3	10	3	0	7	1	1	1	1	1	1	1	6030	1,2,3,4	20	2,11,12	0	0	6	-1	0	0	0	0	0	0	0	0	0	0	0	0	0	0	0	0	0	0	0	0	0	0	0,0	0,0	0,0	0,0	0,0	0,0	0,0	0,0	77,87	94,106	0,0	0,0	0,0	0,0	0,0	0,0	0,0	0,0	0,0	0,0	0,0	0,0	0	0,1000	10000,10000	3	0	0	0	0	0	0	0	0	0	0	0	0	0	0	T20 Wind Bow T20 (Family set)	equipment_v2	1
10127	Wind Gun T20	w0024	10100004	01040003	0	03040003	0	0	00	4	10	3	0	7	1	1	1	1	1	1	1	6030	1,2,3,4	20	2,11,12	0	0	9	-1	0	0	0	0	0	0	0	0	0	0	0	0	0	0	0	0	0	0	0	0	0	0	0,0	0,0	0,0	0,0	0,0	0,0	0,0	0,0	77,87	94,106	0,0	0,0	0,0	0,0	0,0	0,0	0,0	0,0	0,0	0,0	0,0	0,0	0	0,1000	10000,10000	3	0	0	0	0	0	0	0	0	0	0	0	0	0	0	T20 Wind Gun T20 (Family set)	equipment_v2	1
10128	Wind Staff T20	w0060	10100009	0	0	03090004	04090004	0	00	9	10	3	0	7	1	1	1	1	1	1	1	6030	1,2,3,4	20	5,13,14	0	0	9	-1	0	0	0	0	0	0	0	0	0	0	0	0	0	0	0	0	0	0	0	0	0	0	0,0	0,0	0,0	0,0	0,0	0,0	0,0	0,0	96,108	118,132	0,0	0,0	0,0	0,0	0,0	0,0	0,0	0,0	0,0	0,0	0,0	0,0	0	0,1000	10000,10000	3	0	0	0	0	0	0	0	0	0	0	0	0	0	0	T20 Wind Staff T20 (Family set)	equipment_v2	1
10129	Wind Dagger T20	w0046	10100007	01070004	0	03070004	04070004	0	00	7	10	3	0	7	1	1	1	1	1	1	1	6030	1,2,3,4	20	4,16	0	0	9	-1	0	0	0	0	0	0	0	0	0	0	0	0	0	0	0	0	0	0	0	0	0	0	0,0	0,0	0,0	0,0	0,0	0,0	0,0	0,0	96,108	118,132	0,0	0,0	0,0	0,0	0,0	0,0	0,0	0,0	0,0	0,0	0,0	0,0	1	0,1000	10000,10000	3	0	0	0	0	0	0	0	0	0	0	0	0	0	0	T20 Wind Dagger T20 (Family set)	equipment_v2	1
10130	Wind Cap T20	e0699	10110001	0	0	0	0003970001	0	00	20	10	3	0	7	1	1	1	1	1	1	1	6030	1,2,3,4	20	1,2,3,4,5,8,9,10,12,13,14,16	0	0	0	-1	0	0	0	0	0	0	0	0	0	0	0	0	0	0	0	0	0	0	0	0	0	0	0,0	0,0	0,0	0,0	0,0	0,0	0,0	0,0	0,0	0,0	5,5	0,0	0,0	0,0	0,0	0,0	0,0	0,0	0,0	0,0	0,0	0,0	0	0,1000	8000,8000	2	0	0	0	0	0	0	0	0	0	0	0	0	0	0	T20 Wind Cap T20 (Family set)	equipment_v2	1
10131	Wind Body T20	e0102	10110002	0000060002	0001060002	0002591002	0	0	00	22	10	3	0	7	1	1	1	1	1	1	1	6030	1,2,3,4	20	1,2,3,4,5,8,9,10,12,13,14,16	0	0	2	-1	0	0	0	0	0	0	0	0	0	0	0	0	0	0	0	0	0	0	0	0	0	0	0,0	0,0	0,0	0,0	0,0	0,0	0,0	0,0	0,0	0,0	14,14	0,0	0,0	0,0	0,0	0,0	0,0	0,0	0,0	0,0	0,0	0,0	0	0,1000	8000,8000	2	0	0	0	0	0	0	0	0	0	0	0	0	0	0	T20 Wind Body T20 (Family set)	equipment_v2	1
10132	Wind Gloves T20	e0277	10110003	0000060003	0001060003	0002591003	0	0	00	23	10	3	0	7	1	1	1	1	1	1	1	6030	1,2,3,4	20	1,2,3,4,5,8,9,10,12,13,14,16	0	0	3	-1	0	0	0	0	0	0	0	0	0	0	0	0	0	0	0	0	0	0	0	0	0	0	0,0	0,0	0,0	0,0	0,0	0,0	0,0	0,0	0,0	0,0	5,5	0,0	0,0	0,0	0,0	0,0	0,0	0,0	0,0	0,0	0,0	0,0	0	0,1000	8000,8000	2	0	0	0	0	0	0	0	0	0	0	0	0	0	0	T20 Wind Gloves T20 (Family set)	equipment_v2	1
10133	Wind Boots T20	e0452	10110004	0000060004	0001060004	0002591004	0	0	00	24	10	3	0	7	1	1	1	1	1	1	1	6030	1,2,3,4	20	1,2,3,4,5,8,9,10,12,13,14,16	0	0	4	-1	0	0	0	0	0	0	0	0	0	0	0	0	0	0	0	0	0	0	0	0	0	0	0,0	0,0	0,0	0,0	0,0	0,0	0,0	0,0	0,0	0,0	5,5	0,0	0,0	0,0	0,0	0,0	0,0	0,0	0,0	0,0	0,0	0,0	0	0,1000	8000,8000	2	0	0	0	0	0	0	0	0	0	0	0	0	0	0	T20 Wind Boots T20 (Family set)	equipment_v2	1
10134	Wind Necklace T20	l0004	10130005	0	0	0	0	0	00	25	10	3	0	7	1	1	1	1	1	1	1	6030	1,2,3,4	20	-1	0	0	5	-1	0	0	0	0	0	0	0	0	0	0	0	0	0	0	0	0	0	0	0	0	0	0	0,0	0,0	0,0	0,0	0,0	0,0	0,0	0,0	0,0	0,0	0,0	35,35	0,0	0,0	0,0	0,0	0,0	0,0	0,0	0,0	0,0	0,0	0	0,1000	8000,8000	1	0	0	0	0	0	0	0	0	0	0	0	0	0	0	T20 Wind Necklace T20 (Family set)	equipment_v2	1
10135	Wind Ring T20	r0015	10130005	0	0	0	0	0	00	26	10	3	0	7	1	1	1	1	1	1	1	6030	1,2,3,4	20	-1	0	0	7,8	-1	0	0	0	0	0	0	0	0	0	0	0	0	0	0	0	0	0	0	0	0	0	0	0,0	0,0	0,0	0,0	0,0	0,0	0,0	0,0	0,0	0,0	0,0	17,17	0,0	0,0	0,0	0,0	0,0	0,0	0,0	0,0	0,0	0,0	0	0,1000	8000,8000	1	0	0	0	0	0	0	0	0	0	0	0	0	0	0	T20 Wind Ring T20 (Family set)	equipment_v2	1
10136	Hunter Greatsword T20	w0010	10100002	01020003	02020003	0	0	0	00	2	10	4	0	7	1	1	1	1	1	1	1	6040	1,2,3,4	20	1,8	0	0	9	-1	0	0	0	0	0	0	0	0	0	0	0	0	0	0	0	0	0	0	0	0	0	0	0,0	0,0	0,0	0,0	0,0	0,0	0,0	0,0	85,95	103,117	0,0	0,0	0,0	0,0	0,0	0,0	0,0	0,0	0,0	0,0	0,0	0,0	0	0,1000	10000,10000	3	0	0	0	0	0	0	0	0	0	0	0	0	0	0	T20 Hunter Greatsword T20 (Family set)	equipment_v2	1
10137	Hunter Sword T20	w0004	10100001	01010004	02010004	03010073	0	0	00	1	10	4	0	7	1	1	1	1	1	1	1	6040	1,2,3,4	20	1,9,10	0	0	9,6	-1	0	0	0	0	0	0	0	0	0	0	0	0	0	0	0	0	0	0	0	0	0	0	0,0	0,0	0,0	0,0	0,0	0,0	0,0	0,0	66,74	80,90	0,0	0,0	0,0	0,0	0,0	0,0	0,0	0,0	0,0	0,0	0,0	0,0	1	0,1000	10000,10000	3	0	0	0	0	0	0	0	0	0	0	0	0	0	0	T20 Hunter Sword T20 (Family set)	equipment_v2	1
10138	Hunter Bow T20	w0019	10100003	01030005	0	03030005	0	0	00	3	10	4	0	7	1	1	1	1	1	1	1	6040	1,2,3,4	20	2,11,12	0	0	6	-1	0	0	0	0	0	0	0	0	0	0	0	0	0	0	0	0	0	0	0	0	0	0	0,0	0,0	0,0	0,0	0,0	0,0	0,0	0,0	77,87	94,106	0,0	0,0	0,0	0,0	0,0	0,0	0,0	0,0	0,0	0,0	0,0	0,0	0	0,1000	10000,10000	3	0	0	0	0	0	0	0	0	0	0	0	0	0	0	T20 Hunter Bow T20 (Family set)	equipment_v2	1
10139	Hunter Gun T20	w0024	10100004	01040003	0	03040003	0	0	00	4	10	4	0	7	1	1	1	1	1	1	1	6040	1,2,3,4	20	2,11,12	0	0	9	-1	0	0	0	0	0	0	0	0	0	0	0	0	0	0	0	0	0	0	0	0	0	0	0,0	0,0	0,0	0,0	0,0	0,0	0,0	0,0	77,87	94,106	0,0	0,0	0,0	0,0	0,0	0,0	0,0	0,0	0,0	0,0	0,0	0,0	0	0,1000	10000,10000	3	0	0	0	0	0	0	0	0	0	0	0	0	0	0	T20 Hunter Gun T20 (Family set)	equipment_v2	1
10140	Hunter Staff T20	w0060	10100009	0	0	03090004	04090004	0	00	9	10	4	0	7	1	1	1	1	1	1	1	6040	1,2,3,4	20	5,13,14	0	0	9	-1	0	0	0	0	0	0	0	0	0	0	0	0	0	0	0	0	0	0	0	0	0	0	0,0	0,0	0,0	0,0	0,0	0,0	0,0	0,0	96,108	118,132	0,0	0,0	0,0	0,0	0,0	0,0	0,0	0,0	0,0	0,0	0,0	0,0	0	0,1000	10000,10000	3	0	0	0	0	0	0	0	0	0	0	0	0	0	0	T20 Hunter Staff T20 (Family set)	equipment_v2	1
10141	Hunter Dagger T20	w0046	10100007	01070004	0	03070004	04070004	0	00	7	10	4	0	7	1	1	1	1	1	1	1	6040	1,2,3,4	20	4,16	0	0	9	-1	0	0	0	0	0	0	0	0	0	0	0	0	0	0	0	0	0	0	0	0	0	0	0,0	0,0	0,0	0,0	0,0	0,0	0,0	0,0	96,108	118,132	0,0	0,0	0,0	0,0	0,0	0,0	0,0	0,0	0,0	0,0	0,0	0,0	1	0,1000	10000,10000	3	0	0	0	0	0	0	0	0	0	0	0	0	0	0	T20 Hunter Dagger T20 (Family set)	equipment_v2	1
10142	Hunter Cap T20	e0699	10110001	0	0	0	0003970001	0	00	20	10	4	0	7	1	1	1	1	1	1	1	6040	1,2,3,4	20	1,2,3,4,5,8,9,10,12,13,14,16	0	0	0	-1	0	0	0	0	0	0	0	0	0	0	0	0	0	0	0	0	0	0	0	0	0	0	0,0	0,0	0,0	0,0	0,0	0,0	0,0	0,0	0,0	0,0	5,5	0,0	0,0	0,0	0,0	0,0	0,0	0,0	0,0	0,0	0,0	0,0	0	0,1000	8000,8000	2	0	0	0	0	0	0	0	0	0	0	0	0	0	0	T20 Hunter Cap T20 (Family set)	equipment_v2	1
10143	Hunter Body T20	e0102	10110002	0000060002	0001060002	0002591002	0	0	00	22	10	4	0	7	1	1	1	1	1	1	1	6040	1,2,3,4	20	1,2,3,4,5,8,9,10,12,13,14,16	0	0	2	-1	0	0	0	0	0	0	0	0	0	0	0	0	0	0	0	0	0	0	0	0	0	0	0,0	0,0	0,0	0,0	0,0	0,0	0,0	0,0	0,0	0,0	14,14	0,0	0,0	0,0	0,0	0,0	0,0	0,0	0,0	0,0	0,0	0,0	0	0,1000	8000,8000	2	0	0	0	0	0	0	0	0	0	0	0	0	0	0	T20 Hunter Body T20 (Family set)	equipment_v2	1
10144	Hunter Gloves T20	e0277	10110003	0000060003	0001060003	0002591003	0	0	00	23	10	4	0	7	1	1	1	1	1	1	1	6040	1,2,3,4	20	1,2,3,4,5,8,9,10,12,13,14,16	0	0	3	-1	0	0	0	0	0	0	0	0	0	0	0	0	0	0	0	0	0	0	0	0	0	0	0,0	0,0	0,0	0,0	0,0	0,0	0,0	0,0	0,0	0,0	5,5	0,0	0,0	0,0	0,0	0,0	0,0	0,0	0,0	0,0	0,0	0,0	0	0,1000	8000,8000	2	0	0	0	0	0	0	0	0	0	0	0	0	0	0	T20 Hunter Gloves T20 (Family set)	equipment_v2	1
10145	Hunter Boots T20	e0452	10110004	0000060004	0001060004	0002591004	0	0	00	24	10	4	0	7	1	1	1	1	1	1	1	6040	1,2,3,4	20	1,2,3,4,5,8,9,10,12,13,14,16	0	0	4	-1	0	0	0	0	0	0	0	0	0	0	0	0	0	0	0	0	0	0	0	0	0	0	0,0	0,0	0,0	0,0	0,0	0,0	0,0	0,0	0,0	0,0	5,5	0,0	0,0	0,0	0,0	0,0	0,0	0,0	0,0	0,0	0,0	0,0	0	0,1000	8000,8000	2	0	0	0	0	0	0	0	0	0	0	0	0	0	0	T20 Hunter Boots T20 (Family set)	equipment_v2	1
10146	Hunter Necklace T20	l0004	10130005	0	0	0	0	0	00	25	10	4	0	7	1	1	1	1	1	1	1	6040	1,2,3,4	20	-1	0	0	5	-1	0	0	0	0	0	0	0	0	0	0	0	0	0	0	0	0	0	0	0	0	0	0	0,0	0,0	0,0	0,0	0,0	0,0	0,0	0,0	0,0	0,0	0,0	35,35	0,0	0,0	0,0	0,0	0,0	0,0	0,0	0,0	0,0	0,0	0	0,1000	8000,8000	1	0	0	0	0	0	0	0	0	0	0	0	0	0	0	T20 Hunter Necklace T20 (Family set)	equipment_v2	1
10147	Hunter Ring T20	r0015	10130005	0	0	0	0	0	00	26	10	4	0	7	1	1	1	1	1	1	1	6040	1,2,3,4	20	-1	0	0	7,8	-1	0	0	0	0	0	0	0	0	0	0	0	0	0	0	0	0	0	0	0	0	0	0	0,0	0,0	0,0	0,0	0,0	0,0	0,0	0,0	0,0	0,0	0,0	17,17	0,0	0,0	0,0	0,0	0,0	0,0	0,0	0,0	0,0	0,0	0	0,1000	8000,8000	1	0	0	0	0	0	0	0	0	0	0	0	0	0	0	T20 Hunter Ring T20 (Family set)	equipment_v2	1
10148	Shadow Greatsword T20	w0010	10100002	01020003	02020003	0	0	0	00	2	10	5	0	7	1	1	1	1	1	1	1	6050	1,2,3,4	20	1,8	0	0	9	-1	0	0	0	0	0	0	0	0	0	0	0	0	0	0	0	0	0	0	0	0	0	0	0,0	0,0	0,0	0,0	0,0	0,0	0,0	0,0	85,95	103,117	0,0	0,0	0,0	0,0	0,0	0,0	0,0	0,0	0,0	0,0	0,0	0,0	0	0,1000	10000,10000	3	0	0	0	0	0	0	0	0	0	0	0	0	0	0	T20 Shadow Greatsword T20 (Family set)	equipment_v2	1
10149	Shadow Sword T20	w0004	10100001	01010004	02010004	03010073	0	0	00	1	10	5	0	7	1	1	1	1	1	1	1	6050	1,2,3,4	20	1,9,10	0	0	9,6	-1	0	0	0	0	0	0	0	0	0	0	0	0	0	0	0	0	0	0	0	0	0	0	0,0	0,0	0,0	0,0	0,0	0,0	0,0	0,0	66,74	80,90	0,0	0,0	0,0	0,0	0,0	0,0	0,0	0,0	0,0	0,0	0,0	0,0	1	0,1000	10000,10000	3	0	0	0	0	0	0	0	0	0	0	0	0	0	0	T20 Shadow Sword T20 (Family set)	equipment_v2	1
10150	Shadow Bow T20	w0019	10100003	01030005	0	03030005	0	0	00	3	10	5	0	7	1	1	1	1	1	1	1	6050	1,2,3,4	20	2,11,12	0	0	6	-1	0	0	0	0	0	0	0	0	0	0	0	0	0	0	0	0	0	0	0	0	0	0	0,0	0,0	0,0	0,0	0,0	0,0	0,0	0,0	77,87	94,106	0,0	0,0	0,0	0,0	0,0	0,0	0,0	0,0	0,0	0,0	0,0	0,0	0	0,1000	10000,10000	3	0	0	0	0	0	0	0	0	0	0	0	0	0	0	T20 Shadow Bow T20 (Family set)	equipment_v2	1
10151	Shadow Gun T20	w0024	10100004	01040003	0	03040003	0	0	00	4	10	5	0	7	1	1	1	1	1	1	1	6050	1,2,3,4	20	2,11,12	0	0	9	-1	0	0	0	0	0	0	0	0	0	0	0	0	0	0	0	0	0	0	0	0	0	0	0,0	0,0	0,0	0,0	0,0	0,0	0,0	0,0	77,87	94,106	0,0	0,0	0,0	0,0	0,0	0,0	0,0	0,0	0,0	0,0	0,0	0,0	0	0,1000	10000,10000	3	0	0	0	0	0	0	0	0	0	0	0	0	0	0	T20 Shadow Gun T20 (Family set)	equipment_v2	1
10152	Shadow Staff T20	w0060	10100009	0	0	03090004	04090004	0	00	9	10	5	0	7	1	1	1	1	1	1	1	6050	1,2,3,4	20	5,13,14	0	0	9	-1	0	0	0	0	0	0	0	0	0	0	0	0	0	0	0	0	0	0	0	0	0	0	0,0	0,0	0,0	0,0	0,0	0,0	0,0	0,0	96,108	118,132	0,0	0,0	0,0	0,0	0,0	0,0	0,0	0,0	0,0	0,0	0,0	0,0	0	0,1000	10000,10000	3	0	0	0	0	0	0	0	0	0	0	0	0	0	0	T20 Shadow Staff T20 (Family set)	equipment_v2	1
10153	Shadow Dagger T20	w0046	10100007	01070004	0	03070004	04070004	0	00	7	10	5	0	7	1	1	1	1	1	1	1	6050	1,2,3,4	20	4,16	0	0	9	-1	0	0	0	0	0	0	0	0	0	0	0	0	0	0	0	0	0	0	0	0	0	0	0,0	0,0	0,0	0,0	0,0	0,0	0,0	0,0	96,108	118,132	0,0	0,0	0,0	0,0	0,0	0,0	0,0	0,0	0,0	0,0	0,0	0,0	1	0,1000	10000,10000	3	0	0	0	0	0	0	0	0	0	0	0	0	0	0	T20 Shadow Dagger T20 (Family set)	equipment_v2	1
10154	Shadow Cap T20	e0699	10110001	0	0	0	0003970001	0	00	20	10	5	0	7	1	1	1	1	1	1	1	6050	1,2,3,4	20	1,2,3,4,5,8,9,10,12,13,14,16	0	0	0	-1	0	0	0	0	0	0	0	0	0	0	0	0	0	0	0	0	0	0	0	0	0	0	0,0	0,0	0,0	0,0	0,0	0,0	0,0	0,0	0,0	0,0	5,5	0,0	0,0	0,0	0,0	0,0	0,0	0,0	0,0	0,0	0,0	0,0	0	0,1000	8000,8000	2	0	0	0	0	0	0	0	0	0	0	0	0	0	0	T20 Shadow Cap T20 (Family set)	equipment_v2	1
10155	Shadow Body T20	e0102	10110002	0000060002	0001060002	0002591002	0	0	00	22	10	5	0	7	1	1	1	1	1	1	1	6050	1,2,3,4	20	1,2,3,4,5,8,9,10,12,13,14,16	0	0	2	-1	0	0	0	0	0	0	0	0	0	0	0	0	0	0	0	0	0	0	0	0	0	0	0,0	0,0	0,0	0,0	0,0	0,0	0,0	0,0	0,0	0,0	14,14	0,0	0,0	0,0	0,0	0,0	0,0	0,0	0,0	0,0	0,0	0,0	0	0,1000	8000,8000	2	0	0	0	0	0	0	0	0	0	0	0	0	0	0	T20 Shadow Body T20 (Family set)	equipment_v2	1
10156	Shadow Gloves T20	e0277	10110003	0000060003	0001060003	0002591003	0	0	00	23	10	5	0	7	1	1	1	1	1	1	1	6050	1,2,3,4	20	1,2,3,4,5,8,9,10,12,13,14,16	0	0	3	-1	0	0	0	0	0	0	0	0	0	0	0	0	0	0	0	0	0	0	0	0	0	0	0,0	0,0	0,0	0,0	0,0	0,0	0,0	0,0	0,0	0,0	5,5	0,0	0,0	0,0	0,0	0,0	0,0	0,0	0,0	0,0	0,0	0,0	0	0,1000	8000,8000	2	0	0	0	0	0	0	0	0	0	0	0	0	0	0	T20 Shadow Gloves T20 (Family set)	equipment_v2	1
10157	Shadow Boots T20	e0452	10110004	0000060004	0001060004	0002591004	0	0	00	24	10	5	0	7	1	1	1	1	1	1	1	6050	1,2,3,4	20	1,2,3,4,5,8,9,10,12,13,14,16	0	0	4	-1	0	0	0	0	0	0	0	0	0	0	0	0	0	0	0	0	0	0	0	0	0	0	0,0	0,0	0,0	0,0	0,0	0,0	0,0	0,0	0,0	0,0	5,5	0,0	0,0	0,0	0,0	0,0	0,0	0,0	0,0	0,0	0,0	0,0	0	0,1000	8000,8000	2	0	0	0	0	0	0	0	0	0	0	0	0	0	0	T20 Shadow Boots T20 (Family set)	equipment_v2	1
10158	Shadow Necklace T20	l0004	10130005	0	0	0	0	0	00	25	10	5	0	7	1	1	1	1	1	1	1	6050	1,2,3,4	20	-1	0	0	5	-1	0	0	0	0	0	0	0	0	0	0	0	0	0	0	0	0	0	0	0	0	0	0	0,0	0,0	0,0	0,0	0,0	0,0	0,0	0,0	0,0	0,0	0,0	35,35	0,0	0,0	0,0	0,0	0,0	0,0	0,0	0,0	0,0	0,0	0	0,1000	8000,8000	1	0	0	0	0	0	0	0	0	0	0	0	0	0	0	T20 Shadow Necklace T20 (Family set)	equipment_v2	1
10159	Shadow Ring T20	r0015	10130005	0	0	0	0	0	00	26	10	5	0	7	1	1	1	1	1	1	1	6050	1,2,3,4	20	-1	0	0	7,8	-1	0	0	0	0	0	0	0	0	0	0	0	0	0	0	0	0	0	0	0	0	0	0	0,0	0,0	0,0	0,0	0,0	0,0	0,0	0,0	0,0	0,0	0,0	17,17	0,0	0,0	0,0	0,0	0,0	0,0	0,0	0,0	0,0	0,0	0	0,1000	8000,8000	1	0	0	0	0	0	0	0	0	0	0	0	0	0	0	T20 Shadow Ring T20 (Family set)	equipment_v2	1
10160	Sanctum Greatsword T20	w0010	10100002	01020003	02020003	0	0	0	00	2	10	6	0	7	1	1	1	1	1	1	1	6060	1,2,3,4	20	1,8	0	0	9	-1	0	0	0	0	0	0	0	0	0	0	0	0	0	0	0	0	0	0	0	0	0	0	0,0	0,0	0,0	0,0	0,0	0,0	0,0	0,0	85,95	103,117	0,0	0,0	0,0	0,0	0,0	0,0	0,0	0,0	0,0	0,0	0,0	0,0	0	0,1000	10000,10000	3	0	0	0	0	0	0	0	0	0	0	0	0	0	0	T20 Sanctum Greatsword T20 (Family set)	equipment_v2	1
10161	Sanctum Sword T20	w0004	10100001	01010004	02010004	03010073	0	0	00	1	10	6	0	7	1	1	1	1	1	1	1	6060	1,2,3,4	20	1,9,10	0	0	9,6	-1	0	0	0	0	0	0	0	0	0	0	0	0	0	0	0	0	0	0	0	0	0	0	0,0	0,0	0,0	0,0	0,0	0,0	0,0	0,0	66,74	80,90	0,0	0,0	0,0	0,0	0,0	0,0	0,0	0,0	0,0	0,0	0,0	0,0	1	0,1000	10000,10000	3	0	0	0	0	0	0	0	0	0	0	0	0	0	0	T20 Sanctum Sword T20 (Family set)	equipment_v2	1
10162	Sanctum Bow T20	w0019	10100003	01030005	0	03030005	0	0	00	3	10	6	0	7	1	1	1	1	1	1	1	6060	1,2,3,4	20	2,11,12	0	0	6	-1	0	0	0	0	0	0	0	0	0	0	0	0	0	0	0	0	0	0	0	0	0	0	0,0	0,0	0,0	0,0	0,0	0,0	0,0	0,0	77,87	94,106	0,0	0,0	0,0	0,0	0,0	0,0	0,0	0,0	0,0	0,0	0,0	0,0	0	0,1000	10000,10000	3	0	0	0	0	0	0	0	0	0	0	0	0	0	0	T20 Sanctum Bow T20 (Family set)	equipment_v2	1
10163	Sanctum Gun T20	w0024	10100004	01040003	0	03040003	0	0	00	4	10	6	0	7	1	1	1	1	1	1	1	6060	1,2,3,4	20	2,11,12	0	0	9	-1	0	0	0	0	0	0	0	0	0	0	0	0	0	0	0	0	0	0	0	0	0	0	0,0	0,0	0,0	0,0	0,0	0,0	0,0	0,0	77,87	94,106	0,0	0,0	0,0	0,0	0,0	0,0	0,0	0,0	0,0	0,0	0,0	0,0	0	0,1000	10000,10000	3	0	0	0	0	0	0	0	0	0	0	0	0	0	0	T20 Sanctum Gun T20 (Family set)	equipment_v2	1
10164	Sanctum Staff T20	w0060	10100009	0	0	03090004	04090004	0	00	9	10	6	0	7	1	1	1	1	1	1	1	6060	1,2,3,4	20	5,13,14	0	0	9	-1	0	0	0	0	0	0	0	0	0	0	0	0	0	0	0	0	0	0	0	0	0	0	0,0	0,0	0,0	0,0	0,0	0,0	0,0	0,0	96,108	118,132	0,0	0,0	0,0	0,0	0,0	0,0	0,0	0,0	0,0	0,0	0,0	0,0	0	0,1000	10000,10000	3	0	0	0	0	0	0	0	0	0	0	0	0	0	0	T20 Sanctum Staff T20 (Family set)	equipment_v2	1
10165	Sanctum Dagger T20	w0046	10100007	01070004	0	03070004	04070004	0	00	7	10	6	0	7	1	1	1	1	1	1	1	6060	1,2,3,4	20	4,16	0	0	9	-1	0	0	0	0	0	0	0	0	0	0	0	0	0	0	0	0	0	0	0	0	0	0	0,0	0,0	0,0	0,0	0,0	0,0	0,0	0,0	96,108	118,132	0,0	0,0	0,0	0,0	0,0	0,0	0,0	0,0	0,0	0,0	0,0	0,0	1	0,1000	10000,10000	3	0	0	0	0	0	0	0	0	0	0	0	0	0	0	T20 Sanctum Dagger T20 (Family set)	equipment_v2	1
10166	Sanctum Cap T20	e0699	10110001	0	0	0	0003970001	0	00	20	10	6	0	7	1	1	1	1	1	1	1	6060	1,2,3,4	20	1,2,3,4,5,8,9,10,12,13,14,16	0	0	0	-1	0	0	0	0	0	0	0	0	0	0	0	0	0	0	0	0	0	0	0	0	0	0	0,0	0,0	0,0	0,0	0,0	0,0	0,0	0,0	0,0	0,0	5,5	0,0	0,0	0,0	0,0	0,0	0,0	0,0	0,0	0,0	0,0	0,0	0	0,1000	8000,8000	2	0	0	0	0	0	0	0	0	0	0	0	0	0	0	T20 Sanctum Cap T20 (Family set)	equipment_v2	1
10167	Sanctum Body T20	e0102	10110002	0000060002	0001060002	0002591002	0	0	00	22	10	6	0	7	1	1	1	1	1	1	1	6060	1,2,3,4	20	1,2,3,4,5,8,9,10,12,13,14,16	0	0	2	-1	0	0	0	0	0	0	0	0	0	0	0	0	0	0	0	0	0	0	0	0	0	0	0,0	0,0	0,0	0,0	0,0	0,0	0,0	0,0	0,0	0,0	14,14	0,0	0,0	0,0	0,0	0,0	0,0	0,0	0,0	0,0	0,0	0,0	0	0,1000	8000,8000	2	0	0	0	0	0	0	0	0	0	0	0	0	0	0	T20 Sanctum Body T20 (Family set)	equipment_v2	1
10168	Sanctum Gloves T20	e0277	10110003	0000060003	0001060003	0002591003	0	0	00	23	10	6	0	7	1	1	1	1	1	1	1	6060	1,2,3,4	20	1,2,3,4,5,8,9,10,12,13,14,16	0	0	3	-1	0	0	0	0	0	0	0	0	0	0	0	0	0	0	0	0	0	0	0	0	0	0	0,0	0,0	0,0	0,0	0,0	0,0	0,0	0,0	0,0	0,0	5,5	0,0	0,0	0,0	0,0	0,0	0,0	0,0	0,0	0,0	0,0	0,0	0	0,1000	8000,8000	2	0	0	0	0	0	0	0	0	0	0	0	0	0	0	T20 Sanctum Gloves T20 (Family set)	equipment_v2	1
10169	Sanctum Boots T20	e0452	10110004	0000060004	0001060004	0002591004	0	0	00	24	10	6	0	7	1	1	1	1	1	1	1	6060	1,2,3,4	20	1,2,3,4,5,8,9,10,12,13,14,16	0	0	4	-1	0	0	0	0	0	0	0	0	0	0	0	0	0	0	0	0	0	0	0	0	0	0	0,0	0,0	0,0	0,0	0,0	0,0	0,0	0,0	0,0	0,0	5,5	0,0	0,0	0,0	0,0	0,0	0,0	0,0	0,0	0,0	0,0	0,0	0	0,1000	8000,8000	2	0	0	0	0	0	0	0	0	0	0	0	0	0	0	T20 Sanctum Boots T20 (Family set)	equipment_v2	1
10170	Sanctum Necklace T20	l0004	10130005	0	0	0	0	0	00	25	10	6	0	7	1	1	1	1	1	1	1	6060	1,2,3,4	20	-1	0	0	5	-1	0	0	0	0	0	0	0	0	0	0	0	0	0	0	0	0	0	0	0	0	0	0	0,0	0,0	0,0	0,0	0,0	0,0	0,0	0,0	0,0	0,0	0,0	35,35	0,0	0,0	0,0	0,0	0,0	0,0	0,0	0,0	0,0	0,0	0	0,1000	8000,8000	1	0	0	0	0	0	0	0	0	0	0	0	0	0	0	T20 Sanctum Necklace T20 (Family set)	equipment_v2	1
10171	Sanctum Ring T20	r0015	10130005	0	0	0	0	0	00	26	10	6	0	7	1	1	1	1	1	1	1	6060	1,2,3,4	20	-1	0	0	7,8	-1	0	0	0	0	0	0	0	0	0	0	0	0	0	0	0	0	0	0	0	0	0	0	0,0	0,0	0,0	0,0	0,0	0,0	0,0	0,0	0,0	0,0	0,0	17,17	0,0	0,0	0,0	0,0	0,0	0,0	0,0	0,0	0,0	0,0	0	0,1000	8000,8000	1	0	0	0	0	0	0	0	0	0	0	0	0	0	0	T20 Sanctum Ring T20 (Family set)	equipment_v2	1
10200	Guardian Greatsword T30	w0010	10100002	01020003	02020003	0	0	0	00	2	10	1	0	7	1	1	1	1	1	1	1	8510	1,2,3,4	30	1,8	0	0	9	-1	0	0	0	0	0	0	0	0	0	0	0	0	0	0	0	0	0	0	0	0	0	0	0,0	0,0	0,0	0,0	0,0	0,0	0,0	0,0	116,130	141,159	0,0	0,0	0,0	0,0	0,0	0,0	0,0	0,0	0,0	0,0	0,0	0,0	0	0,1000	10000,10000	3	0	0	0	0	0	0	0	0	0	0	0	0	0	0	T30 Guardian Greatsword T30 (Family set)	equipment_v2	1
10201	Guardian Sword T30	w0004	10100001	01010004	02010004	03010073	0	0	00	1	10	1	0	7	1	1	1	1	1	1	1	8510	1,2,3,4	30	1,9,10	0	0	9,6	-1	0	0	0	0	0	0	0	0	0	0	0	0	0	0	0	0	0	0	0	0	0	0	0,0	0,0	0,0	0,0	0,0	0,0	0,0	0,0	81,91	99,111	0,0	0,0	0,0	0,0	0,0	0,0	0,0	0,0	0,0	0,0	0,0	0,0	1	0,1000	10000,10000	3	0	0	0	0	0	0	0	0	0	0	0	0	0	0	T30 Guardian Sword T30 (Family set)	equipment_v2	1
10202	Guardian Bow T30	w0019	10100003	01030005	0	03030005	0	0	00	3	10	1	0	7	1	1	1	1	1	1	1	8510	1,2,3,4	30	2,11,12	0	0	6	-1	0	0	0	0	0	0	0	0	0	0	0	0	0	0	0	0	0	0	0	0	0	0	0,0	0,0	0,0	0,0	0,0	0,0	0,0	0,0	104,118	127,143	0,0	0,0	0,0	0,0	0,0	0,0	0,0	0,0	0,0	0,0	0,0	0,0	0	0,1000	10000,10000	3	0	0	0	0	0	0	0	0	0	0	0	0	0	0	T30 Guardian Bow T30 (Family set)	equipment_v2	1
10203	Guardian Gun T30	w0024	10100004	01040003	0	03040003	0	0	00	4	10	1	0	7	1	1	1	1	1	1	1	8510	1,2,3,4	30	2,11,12	0	0	9	-1	0	0	0	0	0	0	0	0	0	0	0	0	0	0	0	0	0	0	0	0	0	0	0,0	0,0	0,0	0,0	0,0	0,0	0,0	0,0	104,118	127,143	0,0	0,0	0,0	0,0	0,0	0,0	0,0	0,0	0,0	0,0	0,0	0,0	0	0,1000	10000,10000	3	0	0	0	0	0	0	0	0	0	0	0	0	0	0	T30 Guardian Gun T30 (Family set)	equipment_v2	1
10204	Guardian Staff T30	w0060	10100009	0	0	03090004	04090004	0	00	9	10	1	0	7	1	1	1	1	1	1	1	8510	1,2,3,4	30	5,13,14	0	0	9	-1	0	0	0	0	0	0	0	0	0	0	0	0	0	0	0	0	0	0	0	0	0	0	0,0	0,0	0,0	0,0	0,0	0,0	0,0	0,0	131,147	160,180	0,0	0,0	0,0	0,0	0,0	0,0	0,0	0,0	0,0	0,0	0,0	0,0	0	0,1000	10000,10000	3	0	0	0	0	0	0	0	0	0	0	0	0	0	0	T30 Guardian Staff T30 (Family set)	equipment_v2	1
10205	Guardian Dagger T30	w0046	10100007	01070004	0	03070004	04070004	0	00	7	10	1	0	7	1	1	1	1	1	1	1	8510	1,2,3,4	30	4,16	0	0	9	-1	0	0	0	0	0	0	0	0	0	0	0	0	0	0	0	0	0	0	0	0	0	0	0,0	0,0	0,0	0,0	0,0	0,0	0,0	0,0	131,147	160,180	0,0	0,0	0,0	0,0	0,0	0,0	0,0	0,0	0,0	0,0	0,0	0,0	1	0,1000	10000,10000	3	0	0	0	0	0	0	0	0	0	0	0	0	0	0	T30 Guardian Dagger T30 (Family set)	equipment_v2	1
10206	Guardian Cap T30	e0699	10110001	0	0	0	0003970001	0	00	20	10	1	0	7	1	1	1	1	1	1	1	8510	1,2,3,4	30	1,2,3,4,5,8,9,10,12,13,14,16	0	0	0	-1	0	0	0	0	0	0	0	0	0	0	0	0	0	0	0	0	0	0	0	0	0	0	0,0	0,0	0,0	0,0	0,0	0,0	0,0	0,0	0,0	0,0	9,9	0,0	0,0	0,0	0,0	0,0	0,0	0,0	0,0	0,0	0,0	0,0	0	0,1000	8000,8000	2	0	0	0	0	0	0	0	0	0	0	0	0	0	0	T30 Guardian Cap T30 (Family set)	equipment_v2	1
10207	Guardian Body T30	e0102	10110002	0000060002	0001060002	0002591002	0	0	00	22	10	1	0	7	1	1	1	1	1	1	1	8510	1,2,3,4	30	1,2,3,4,5,8,9,10,12,13,14,16	0	0	2	-1	0	0	0	0	0	0	0	0	0	0	0	0	0	0	0	0	0	0	0	0	0	0	0,0	0,0	0,0	0,0	0,0	0,0	0,0	0,0	0,0	0,0	23,23	0,0	0,0	0,0	0,0	0,0	0,0	0,0	0,0	0,0	0,0	0,0	0	0,1000	8000,8000	2	0	0	0	0	0	0	0	0	0	0	0	0	0	0	T30 Guardian Body T30 (Family set)	equipment_v2	1
10208	Guardian Gloves T30	e0277	10110003	0000060003	0001060003	0002591003	0	0	00	23	10	1	0	7	1	1	1	1	1	1	1	8510	1,2,3,4	30	1,2,3,4,5,8,9,10,12,13,14,16	0	0	3	-1	0	0	0	0	0	0	0	0	0	0	0	0	0	0	0	0	0	0	0	0	0	0	0,0	0,0	0,0	0,0	0,0	0,0	0,0	0,0	0,0	0,0	9,9	0,0	0,0	0,0	0,0	0,0	0,0	0,0	0,0	0,0	0,0	0,0	0	0,1000	8000,8000	2	0	0	0	0	0	0	0	0	0	0	0	0	0	0	T30 Guardian Gloves T30 (Family set)	equipment_v2	1
10209	Guardian Boots T30	e0452	10110004	0000060004	0001060004	0002591004	0	0	00	24	10	1	0	7	1	1	1	1	1	1	1	8510	1,2,3,4	30	1,2,3,4,5,8,9,10,12,13,14,16	0	0	4	-1	0	0	0	0	0	0	0	0	0	0	0	0	0	0	0	0	0	0	0	0	0	0	0,0	0,0	0,0	0,0	0,0	0,0	0,0	0,0	0,0	0,0	9,9	0,0	0,0	0,0	0,0	0,0	0,0	0,0	0,0	0,0	0,0	0,0	0	0,1000	8000,8000	2	0	0	0	0	0	0	0	0	0	0	0	0	0	0	T30 Guardian Boots T30 (Family set)	equipment_v2	1
10210	Guardian Necklace T30	l0004	10130005	0	0	0	0	0	00	25	10	1	0	7	1	1	1	1	1	1	1	8510	1,2,3,4	30	-1	0	0	5	-1	0	0	0	0	0	0	0	0	0	0	0	0	0	0	0	0	0	0	0	0	0	0	0,0	0,0	0,0	0,0	0,0	0,0	0,0	0,0	0,0	0,0	0,0	55,55	0,0	0,0	0,0	0,0	0,0	0,0	0,0	0,0	0,0	0,0	0	0,1000	8000,8000	1	0	0	0	0	0	0	0	0	0	0	0	0	0	0	T30 Guardian Necklace T30 (Family set)	equipment_v2	1
10211	Guardian Ring T30	r0015	10130005	0	0	0	0	0	00	26	10	1	0	7	1	1	1	1	1	1	1	8510	1,2,3,4	30	-1	0	0	7,8	-1	0	0	0	0	0	0	0	0	0	0	0	0	0	0	0	0	0	0	0	0	0	0	0,0	0,0	0,0	0,0	0,0	0,0	0,0	0,0	0,0	0,0	0,0	27,27	0,0	0,0	0,0	0,0	0,0	0,0	0,0	0,0	0,0	0,0	0	0,1000	8000,8000	1	0	0	0	0	0	0	0	0	0	0	0	0	0	0	T30 Guardian Ring T30 (Family set)	equipment_v2	1
10212	Royal Greatsword T30	w0010	10100002	01020003	02020003	0	0	0	00	2	10	2	0	7	1	1	1	1	1	1	1	8520	1,2,3,4	30	1,8	0	0	9	-1	0	0	0	0	0	0	0	0	0	0	0	0	0	0	0	0	0	0	0	0	0	0	0,0	0,0	0,0	0,0	0,0	0,0	0,0	0,0	116,130	141,159	0,0	0,0	0,0	0,0	0,0	0,0	0,0	0,0	0,0	0,0	0,0	0,0	0	0,1000	10000,10000	3	0	0	0	0	0	0	0	0	0	0	0	0	0	0	T30 Royal Greatsword T30 (Family set)	equipment_v2	1
10213	Royal Sword T30	w0004	10100001	01010004	02010004	03010073	0	0	00	1	10	2	0	7	1	1	1	1	1	1	1	8520	1,2,3,4	30	1,9,10	0	0	9,6	-1	0	0	0	0	0	0	0	0	0	0	0	0	0	0	0	0	0	0	0	0	0	0	0,0	0,0	0,0	0,0	0,0	0,0	0,0	0,0	81,91	99,111	0,0	0,0	0,0	0,0	0,0	0,0	0,0	0,0	0,0	0,0	0,0	0,0	1	0,1000	10000,10000	3	0	0	0	0	0	0	0	0	0	0	0	0	0	0	T30 Royal Sword T30 (Family set)	equipment_v2	1
10214	Royal Bow T30	w0019	10100003	01030005	0	03030005	0	0	00	3	10	2	0	7	1	1	1	1	1	1	1	8520	1,2,3,4	30	2,11,12	0	0	6	-1	0	0	0	0	0	0	0	0	0	0	0	0	0	0	0	0	0	0	0	0	0	0	0,0	0,0	0,0	0,0	0,0	0,0	0,0	0,0	104,118	127,143	0,0	0,0	0,0	0,0	0,0	0,0	0,0	0,0	0,0	0,0	0,0	0,0	0	0,1000	10000,10000	3	0	0	0	0	0	0	0	0	0	0	0	0	0	0	T30 Royal Bow T30 (Family set)	equipment_v2	1
10215	Royal Gun T30	w0024	10100004	01040003	0	03040003	0	0	00	4	10	2	0	7	1	1	1	1	1	1	1	8520	1,2,3,4	30	2,11,12	0	0	9	-1	0	0	0	0	0	0	0	0	0	0	0	0	0	0	0	0	0	0	0	0	0	0	0,0	0,0	0,0	0,0	0,0	0,0	0,0	0,0	104,118	127,143	0,0	0,0	0,0	0,0	0,0	0,0	0,0	0,0	0,0	0,0	0,0	0,0	0	0,1000	10000,10000	3	0	0	0	0	0	0	0	0	0	0	0	0	0	0	T30 Royal Gun T30 (Family set)	equipment_v2	1
10216	Royal Staff T30	w0060	10100009	0	0	03090004	04090004	0	00	9	10	2	0	7	1	1	1	1	1	1	1	8520	1,2,3,4	30	5,13,14	0	0	9	-1	0	0	0	0	0	0	0	0	0	0	0	0	0	0	0	0	0	0	0	0	0	0	0,0	0,0	0,0	0,0	0,0	0,0	0,0	0,0	131,147	160,180	0,0	0,0	0,0	0,0	0,0	0,0	0,0	0,0	0,0	0,0	0,0	0,0	0	0,1000	10000,10000	3	0	0	0	0	0	0	0	0	0	0	0	0	0	0	T30 Royal Staff T30 (Family set)	equipment_v2	1
10217	Royal Dagger T30	w0046	10100007	01070004	0	03070004	04070004	0	00	7	10	2	0	7	1	1	1	1	1	1	1	8520	1,2,3,4	30	4,16	0	0	9	-1	0	0	0	0	0	0	0	0	0	0	0	0	0	0	0	0	0	0	0	0	0	0	0,0	0,0	0,0	0,0	0,0	0,0	0,0	0,0	131,147	160,180	0,0	0,0	0,0	0,0	0,0	0,0	0,0	0,0	0,0	0,0	0,0	0,0	1	0,1000	10000,10000	3	0	0	0	0	0	0	0	0	0	0	0	0	0	0	T30 Royal Dagger T30 (Family set)	equipment_v2	1
10218	Royal Cap T30	e0699	10110001	0	0	0	0003970001	0	00	20	10	2	0	7	1	1	1	1	1	1	1	8520	1,2,3,4	30	1,2,3,4,5,8,9,10,12,13,14,16	0	0	0	-1	0	0	0	0	0	0	0	0	0	0	0	0	0	0	0	0	0	0	0	0	0	0	0,0	0,0	0,0	0,0	0,0	0,0	0,0	0,0	0,0	0,0	9,9	0,0	0,0	0,0	0,0	0,0	0,0	0,0	0,0	0,0	0,0	0,0	0	0,1000	8000,8000	2	0	0	0	0	0	0	0	0	0	0	0	0	0	0	T30 Royal Cap T30 (Family set)	equipment_v2	1
10219	Royal Body T30	e0102	10110002	0000060002	0001060002	0002591002	0	0	00	22	10	2	0	7	1	1	1	1	1	1	1	8520	1,2,3,4	30	1,2,3,4,5,8,9,10,12,13,14,16	0	0	2	-1	0	0	0	0	0	0	0	0	0	0	0	0	0	0	0	0	0	0	0	0	0	0	0,0	0,0	0,0	0,0	0,0	0,0	0,0	0,0	0,0	0,0	23,23	0,0	0,0	0,0	0,0	0,0	0,0	0,0	0,0	0,0	0,0	0,0	0	0,1000	8000,8000	2	0	0	0	0	0	0	0	0	0	0	0	0	0	0	T30 Royal Body T30 (Family set)	equipment_v2	1
10220	Royal Gloves T30	e0277	10110003	0000060003	0001060003	0002591003	0	0	00	23	10	2	0	7	1	1	1	1	1	1	1	8520	1,2,3,4	30	1,2,3,4,5,8,9,10,12,13,14,16	0	0	3	-1	0	0	0	0	0	0	0	0	0	0	0	0	0	0	0	0	0	0	0	0	0	0	0,0	0,0	0,0	0,0	0,0	0,0	0,0	0,0	0,0	0,0	9,9	0,0	0,0	0,0	0,0	0,0	0,0	0,0	0,0	0,0	0,0	0,0	0	0,1000	8000,8000	2	0	0	0	0	0	0	0	0	0	0	0	0	0	0	T30 Royal Gloves T30 (Family set)	equipment_v2	1
10221	Royal Boots T30	e0452	10110004	0000060004	0001060004	0002591004	0	0	00	24	10	2	0	7	1	1	1	1	1	1	1	8520	1,2,3,4	30	1,2,3,4,5,8,9,10,12,13,14,16	0	0	4	-1	0	0	0	0	0	0	0	0	0	0	0	0	0	0	0	0	0	0	0	0	0	0	0,0	0,0	0,0	0,0	0,0	0,0	0,0	0,0	0,0	0,0	9,9	0,0	0,0	0,0	0,0	0,0	0,0	0,0	0,0	0,0	0,0	0,0	0	0,1000	8000,8000	2	0	0	0	0	0	0	0	0	0	0	0	0	0	0	T30 Royal Boots T30 (Family set)	equipment_v2	1
10222	Royal Necklace T30	l0004	10130005	0	0	0	0	0	00	25	10	2	0	7	1	1	1	1	1	1	1	8520	1,2,3,4	30	-1	0	0	5	-1	0	0	0	0	0	0	0	0	0	0	0	0	0	0	0	0	0	0	0	0	0	0	0,0	0,0	0,0	0,0	0,0	0,0	0,0	0,0	0,0	0,0	0,0	55,55	0,0	0,0	0,0	0,0	0,0	0,0	0,0	0,0	0,0	0,0	0	0,1000	8000,8000	1	0	0	0	0	0	0	0	0	0	0	0	0	0	0	T30 Royal Necklace T30 (Family set)	equipment_v2	1
10223	Royal Ring T30	r0015	10130005	0	0	0	0	0	00	26	10	2	0	7	1	1	1	1	1	1	1	8520	1,2,3,4	30	-1	0	0	7,8	-1	0	0	0	0	0	0	0	0	0	0	0	0	0	0	0	0	0	0	0	0	0	0	0,0	0,0	0,0	0,0	0,0	0,0	0,0	0,0	0,0	0,0	0,0	27,27	0,0	0,0	0,0	0,0	0,0	0,0	0,0	0,0	0,0	0,0	0	0,1000	8000,8000	1	0	0	0	0	0	0	0	0	0	0	0	0	0	0	T30 Royal Ring T30 (Family set)	equipment_v2	1
10224	Wind Greatsword T30	w0010	10100002	01020003	02020003	0	0	0	00	2	10	3	0	7	1	1	1	1	1	1	1	8530	1,2,3,4	30	1,8	0	0	9	-1	0	0	0	0	0	0	0	0	0	0	0	0	0	0	0	0	0	0	0	0	0	0	0,0	0,0	0,0	0,0	0,0	0,0	0,0	0,0	116,130	141,159	0,0	0,0	0,0	0,0	0,0	0,0	0,0	0,0	0,0	0,0	0,0	0,0	0	0,1000	10000,10000	3	0	0	0	0	0	0	0	0	0	0	0	0	0	0	T30 Wind Greatsword T30 (Family set)	equipment_v2	1
10225	Wind Sword T30	w0004	10100001	01010004	02010004	03010073	0	0	00	1	10	3	0	7	1	1	1	1	1	1	1	8530	1,2,3,4	30	1,9,10	0	0	9,6	-1	0	0	0	0	0	0	0	0	0	0	0	0	0	0	0	0	0	0	0	0	0	0	0,0	0,0	0,0	0,0	0,0	0,0	0,0	0,0	81,91	99,111	0,0	0,0	0,0	0,0	0,0	0,0	0,0	0,0	0,0	0,0	0,0	0,0	1	0,1000	10000,10000	3	0	0	0	0	0	0	0	0	0	0	0	0	0	0	T30 Wind Sword T30 (Family set)	equipment_v2	1
10226	Wind Bow T30	w0019	10100003	01030005	0	03030005	0	0	00	3	10	3	0	7	1	1	1	1	1	1	1	8530	1,2,3,4	30	2,11,12	0	0	6	-1	0	0	0	0	0	0	0	0	0	0	0	0	0	0	0	0	0	0	0	0	0	0	0,0	0,0	0,0	0,0	0,0	0,0	0,0	0,0	104,118	127,143	0,0	0,0	0,0	0,0	0,0	0,0	0,0	0,0	0,0	0,0	0,0	0,0	0	0,1000	10000,10000	3	0	0	0	0	0	0	0	0	0	0	0	0	0	0	T30 Wind Bow T30 (Family set)	equipment_v2	1
10227	Wind Gun T30	w0024	10100004	01040003	0	03040003	0	0	00	4	10	3	0	7	1	1	1	1	1	1	1	8530	1,2,3,4	30	2,11,12	0	0	9	-1	0	0	0	0	0	0	0	0	0	0	0	0	0	0	0	0	0	0	0	0	0	0	0,0	0,0	0,0	0,0	0,0	0,0	0,0	0,0	104,118	127,143	0,0	0,0	0,0	0,0	0,0	0,0	0,0	0,0	0,0	0,0	0,0	0,0	0	0,1000	10000,10000	3	0	0	0	0	0	0	0	0	0	0	0	0	0	0	T30 Wind Gun T30 (Family set)	equipment_v2	1
10228	Wind Staff T30	w0060	10100009	0	0	03090004	04090004	0	00	9	10	3	0	7	1	1	1	1	1	1	1	8530	1,2,3,4	30	5,13,14	0	0	9	-1	0	0	0	0	0	0	0	0	0	0	0	0	0	0	0	0	0	0	0	0	0	0	0,0	0,0	0,0	0,0	0,0	0,0	0,0	0,0	131,147	160,180	0,0	0,0	0,0	0,0	0,0	0,0	0,0	0,0	0,0	0,0	0,0	0,0	0	0,1000	10000,10000	3	0	0	0	0	0	0	0	0	0	0	0	0	0	0	T30 Wind Staff T30 (Family set)	equipment_v2	1
10229	Wind Dagger T30	w0046	10100007	01070004	0	03070004	04070004	0	00	7	10	3	0	7	1	1	1	1	1	1	1	8530	1,2,3,4	30	4,16	0	0	9	-1	0	0	0	0	0	0	0	0	0	0	0	0	0	0	0	0	0	0	0	0	0	0	0,0	0,0	0,0	0,0	0,0	0,0	0,0	0,0	131,147	160,180	0,0	0,0	0,0	0,0	0,0	0,0	0,0	0,0	0,0	0,0	0,0	0,0	1	0,1000	10000,10000	3	0	0	0	0	0	0	0	0	0	0	0	0	0	0	T30 Wind Dagger T30 (Family set)	equipment_v2	1
10230	Wind Cap T30	e0699	10110001	0	0	0	0003970001	0	00	20	10	3	0	7	1	1	1	1	1	1	1	8530	1,2,3,4	30	1,2,3,4,5,8,9,10,12,13,14,16	0	0	0	-1	0	0	0	0	0	0	0	0	0	0	0	0	0	0	0	0	0	0	0	0	0	0	0,0	0,0	0,0	0,0	0,0	0,0	0,0	0,0	0,0	0,0	9,9	0,0	0,0	0,0	0,0	0,0	0,0	0,0	0,0	0,0	0,0	0,0	0	0,1000	8000,8000	2	0	0	0	0	0	0	0	0	0	0	0	0	0	0	T30 Wind Cap T30 (Family set)	equipment_v2	1
10231	Wind Body T30	e0102	10110002	0000060002	0001060002	0002591002	0	0	00	22	10	3	0	7	1	1	1	1	1	1	1	8530	1,2,3,4	30	1,2,3,4,5,8,9,10,12,13,14,16	0	0	2	-1	0	0	0	0	0	0	0	0	0	0	0	0	0	0	0	0	0	0	0	0	0	0	0,0	0,0	0,0	0,0	0,0	0,0	0,0	0,0	0,0	0,0	23,23	0,0	0,0	0,0	0,0	0,0	0,0	0,0	0,0	0,0	0,0	0,0	0	0,1000	8000,8000	2	0	0	0	0	0	0	0	0	0	0	0	0	0	0	T30 Wind Body T30 (Family set)	equipment_v2	1
10232	Wind Gloves T30	e0277	10110003	0000060003	0001060003	0002591003	0	0	00	23	10	3	0	7	1	1	1	1	1	1	1	8530	1,2,3,4	30	1,2,3,4,5,8,9,10,12,13,14,16	0	0	3	-1	0	0	0	0	0	0	0	0	0	0	0	0	0	0	0	0	0	0	0	0	0	0	0,0	0,0	0,0	0,0	0,0	0,0	0,0	0,0	0,0	0,0	9,9	0,0	0,0	0,0	0,0	0,0	0,0	0,0	0,0	0,0	0,0	0,0	0	0,1000	8000,8000	2	0	0	0	0	0	0	0	0	0	0	0	0	0	0	T30 Wind Gloves T30 (Family set)	equipment_v2	1
10233	Wind Boots T30	e0452	10110004	0000060004	0001060004	0002591004	0	0	00	24	10	3	0	7	1	1	1	1	1	1	1	8530	1,2,3,4	30	1,2,3,4,5,8,9,10,12,13,14,16	0	0	4	-1	0	0	0	0	0	0	0	0	0	0	0	0	0	0	0	0	0	0	0	0	0	0	0,0	0,0	0,0	0,0	0,0	0,0	0,0	0,0	0,0	0,0	9,9	0,0	0,0	0,0	0,0	0,0	0,0	0,0	0,0	0,0	0,0	0,0	0	0,1000	8000,8000	2	0	0	0	0	0	0	0	0	0	0	0	0	0	0	T30 Wind Boots T30 (Family set)	equipment_v2	1
10234	Wind Necklace T30	l0004	10130005	0	0	0	0	0	00	25	10	3	0	7	1	1	1	1	1	1	1	8530	1,2,3,4	30	-1	0	0	5	-1	0	0	0	0	0	0	0	0	0	0	0	0	0	0	0	0	0	0	0	0	0	0	0,0	0,0	0,0	0,0	0,0	0,0	0,0	0,0	0,0	0,0	0,0	55,55	0,0	0,0	0,0	0,0	0,0	0,0	0,0	0,0	0,0	0,0	0	0,1000	8000,8000	1	0	0	0	0	0	0	0	0	0	0	0	0	0	0	T30 Wind Necklace T30 (Family set)	equipment_v2	1
10235	Wind Ring T30	r0015	10130005	0	0	0	0	0	00	26	10	3	0	7	1	1	1	1	1	1	1	8530	1,2,3,4	30	-1	0	0	7,8	-1	0	0	0	0	0	0	0	0	0	0	0	0	0	0	0	0	0	0	0	0	0	0	0,0	0,0	0,0	0,0	0,0	0,0	0,0	0,0	0,0	0,0	0,0	27,27	0,0	0,0	0,0	0,0	0,0	0,0	0,0	0,0	0,0	0,0	0	0,1000	8000,8000	1	0	0	0	0	0	0	0	0	0	0	0	0	0	0	T30 Wind Ring T30 (Family set)	equipment_v2	1
10236	Hunter Greatsword T30	w0010	10100002	01020003	02020003	0	0	0	00	2	10	4	0	7	1	1	1	1	1	1	1	8540	1,2,3,4	30	1,8	0	0	9	-1	0	0	0	0	0	0	0	0	0	0	0	0	0	0	0	0	0	0	0	0	0	0	0,0	0,0	0,0	0,0	0,0	0,0	0,0	0,0	116,130	141,159	0,0	0,0	0,0	0,0	0,0	0,0	0,0	0,0	0,0	0,0	0,0	0,0	0	0,1000	10000,10000	3	0	0	0	0	0	0	0	0	0	0	0	0	0	0	T30 Hunter Greatsword T30 (Family set)	equipment_v2	1
10237	Hunter Sword T30	w0004	10100001	01010004	02010004	03010073	0	0	00	1	10	4	0	7	1	1	1	1	1	1	1	8540	1,2,3,4	30	1,9,10	0	0	9,6	-1	0	0	0	0	0	0	0	0	0	0	0	0	0	0	0	0	0	0	0	0	0	0	0,0	0,0	0,0	0,0	0,0	0,0	0,0	0,0	81,91	99,111	0,0	0,0	0,0	0,0	0,0	0,0	0,0	0,0	0,0	0,0	0,0	0,0	1	0,1000	10000,10000	3	0	0	0	0	0	0	0	0	0	0	0	0	0	0	T30 Hunter Sword T30 (Family set)	equipment_v2	1
10238	Hunter Bow T30	w0019	10100003	01030005	0	03030005	0	0	00	3	10	4	0	7	1	1	1	1	1	1	1	8540	1,2,3,4	30	2,11,12	0	0	6	-1	0	0	0	0	0	0	0	0	0	0	0	0	0	0	0	0	0	0	0	0	0	0	0,0	0,0	0,0	0,0	0,0	0,0	0,0	0,0	104,118	127,143	0,0	0,0	0,0	0,0	0,0	0,0	0,0	0,0	0,0	0,0	0,0	0,0	0	0,1000	10000,10000	3	0	0	0	0	0	0	0	0	0	0	0	0	0	0	T30 Hunter Bow T30 (Family set)	equipment_v2	1
10239	Hunter Gun T30	w0024	10100004	01040003	0	03040003	0	0	00	4	10	4	0	7	1	1	1	1	1	1	1	8540	1,2,3,4	30	2,11,12	0	0	9	-1	0	0	0	0	0	0	0	0	0	0	0	0	0	0	0	0	0	0	0	0	0	0	0,0	0,0	0,0	0,0	0,0	0,0	0,0	0,0	104,118	127,143	0,0	0,0	0,0	0,0	0,0	0,0	0,0	0,0	0,0	0,0	0,0	0,0	0	0,1000	10000,10000	3	0	0	0	0	0	0	0	0	0	0	0	0	0	0	T30 Hunter Gun T30 (Family set)	equipment_v2	1
10240	Hunter Staff T30	w0060	10100009	0	0	03090004	04090004	0	00	9	10	4	0	7	1	1	1	1	1	1	1	8540	1,2,3,4	30	5,13,14	0	0	9	-1	0	0	0	0	0	0	0	0	0	0	0	0	0	0	0	0	0	0	0	0	0	0	0,0	0,0	0,0	0,0	0,0	0,0	0,0	0,0	131,147	160,180	0,0	0,0	0,0	0,0	0,0	0,0	0,0	0,0	0,0	0,0	0,0	0,0	0	0,1000	10000,10000	3	0	0	0	0	0	0	0	0	0	0	0	0	0	0	T30 Hunter Staff T30 (Family set)	equipment_v2	1
10241	Hunter Dagger T30	w0046	10100007	01070004	0	03070004	04070004	0	00	7	10	4	0	7	1	1	1	1	1	1	1	8540	1,2,3,4	30	4,16	0	0	9	-1	0	0	0	0	0	0	0	0	0	0	0	0	0	0	0	0	0	0	0	0	0	0	0,0	0,0	0,0	0,0	0,0	0,0	0,0	0,0	131,147	160,180	0,0	0,0	0,0	0,0	0,0	0,0	0,0	0,0	0,0	0,0	0,0	0,0	1	0,1000	10000,10000	3	0	0	0	0	0	0	0	0	0	0	0	0	0	0	T30 Hunter Dagger T30 (Family set)	equipment_v2	1
10242	Hunter Cap T30	e0699	10110001	0	0	0	0003970001	0	00	20	10	4	0	7	1	1	1	1	1	1	1	8540	1,2,3,4	30	1,2,3,4,5,8,9,10,12,13,14,16	0	0	0	-1	0	0	0	0	0	0	0	0	0	0	0	0	0	0	0	0	0	0	0	0	0	0	0,0	0,0	0,0	0,0	0,0	0,0	0,0	0,0	0,0	0,0	9,9	0,0	0,0	0,0	0,0	0,0	0,0	0,0	0,0	0,0	0,0	0,0	0	0,1000	8000,8000	2	0	0	0	0	0	0	0	0	0	0	0	0	0	0	T30 Hunter Cap T30 (Family set)	equipment_v2	1
10243	Hunter Body T30	e0102	10110002	0000060002	0001060002	0002591002	0	0	00	22	10	4	0	7	1	1	1	1	1	1	1	8540	1,2,3,4	30	1,2,3,4,5,8,9,10,12,13,14,16	0	0	2	-1	0	0	0	0	0	0	0	0	0	0	0	0	0	0	0	0	0	0	0	0	0	0	0,0	0,0	0,0	0,0	0,0	0,0	0,0	0,0	0,0	0,0	23,23	0,0	0,0	0,0	0,0	0,0	0,0	0,0	0,0	0,0	0,0	0,0	0	0,1000	8000,8000	2	0	0	0	0	0	0	0	0	0	0	0	0	0	0	T30 Hunter Body T30 (Family set)	equipment_v2	1
10244	Hunter Gloves T30	e0277	10110003	0000060003	0001060003	0002591003	0	0	00	23	10	4	0	7	1	1	1	1	1	1	1	8540	1,2,3,4	30	1,2,3,4,5,8,9,10,12,13,14,16	0	0	3	-1	0	0	0	0	0	0	0	0	0	0	0	0	0	0	0	0	0	0	0	0	0	0	0,0	0,0	0,0	0,0	0,0	0,0	0,0	0,0	0,0	0,0	9,9	0,0	0,0	0,0	0,0	0,0	0,0	0,0	0,0	0,0	0,0	0,0	0	0,1000	8000,8000	2	0	0	0	0	0	0	0	0	0	0	0	0	0	0	T30 Hunter Gloves T30 (Family set)	equipment_v2	1
10245	Hunter Boots T30	e0452	10110004	0000060004	0001060004	0002591004	0	0	00	24	10	4	0	7	1	1	1	1	1	1	1	8540	1,2,3,4	30	1,2,3,4,5,8,9,10,12,13,14,16	0	0	4	-1	0	0	0	0	0	0	0	0	0	0	0	0	0	0	0	0	0	0	0	0	0	0	0,0	0,0	0,0	0,0	0,0	0,0	0,0	0,0	0,0	0,0	9,9	0,0	0,0	0,0	0,0	0,0	0,0	0,0	0,0	0,0	0,0	0,0	0	0,1000	8000,8000	2	0	0	0	0	0	0	0	0	0	0	0	0	0	0	T30 Hunter Boots T30 (Family set)	equipment_v2	1
10246	Hunter Necklace T30	l0004	10130005	0	0	0	0	0	00	25	10	4	0	7	1	1	1	1	1	1	1	8540	1,2,3,4	30	-1	0	0	5	-1	0	0	0	0	0	0	0	0	0	0	0	0	0	0	0	0	0	0	0	0	0	0	0,0	0,0	0,0	0,0	0,0	0,0	0,0	0,0	0,0	0,0	0,0	55,55	0,0	0,0	0,0	0,0	0,0	0,0	0,0	0,0	0,0	0,0	0	0,1000	8000,8000	1	0	0	0	0	0	0	0	0	0	0	0	0	0	0	T30 Hunter Necklace T30 (Family set)	equipment_v2	1
10247	Hunter Ring T30	r0015	10130005	0	0	0	0	0	00	26	10	4	0	7	1	1	1	1	1	1	1	8540	1,2,3,4	30	-1	0	0	7,8	-1	0	0	0	0	0	0	0	0	0	0	0	0	0	0	0	0	0	0	0	0	0	0	0,0	0,0	0,0	0,0	0,0	0,0	0,0	0,0	0,0	0,0	0,0	27,27	0,0	0,0	0,0	0,0	0,0	0,0	0,0	0,0	0,0	0,0	0	0,1000	8000,8000	1	0	0	0	0	0	0	0	0	0	0	0	0	0	0	T30 Hunter Ring T30 (Family set)	equipment_v2	1
10248	Shadow Greatsword T30	w0010	10100002	01020003	02020003	0	0	0	00	2	10	5	0	7	1	1	1	1	1	1	1	8550	1,2,3,4	30	1,8	0	0	9	-1	0	0	0	0	0	0	0	0	0	0	0	0	0	0	0	0	0	0	0	0	0	0	0,0	0,0	0,0	0,0	0,0	0,0	0,0	0,0	116,130	141,159	0,0	0,0	0,0	0,0	0,0	0,0	0,0	0,0	0,0	0,0	0,0	0,0	0	0,1000	10000,10000	3	0	0	0	0	0	0	0	0	0	0	0	0	0	0	T30 Shadow Greatsword T30 (Family set)	equipment_v2	1
10249	Shadow Sword T30	w0004	10100001	01010004	02010004	03010073	0	0	00	1	10	5	0	7	1	1	1	1	1	1	1	8550	1,2,3,4	30	1,9,10	0	0	9,6	-1	0	0	0	0	0	0	0	0	0	0	0	0	0	0	0	0	0	0	0	0	0	0	0,0	0,0	0,0	0,0	0,0	0,0	0,0	0,0	81,91	99,111	0,0	0,0	0,0	0,0	0,0	0,0	0,0	0,0	0,0	0,0	0,0	0,0	1	0,1000	10000,10000	3	0	0	0	0	0	0	0	0	0	0	0	0	0	0	T30 Shadow Sword T30 (Family set)	equipment_v2	1
10250	Shadow Bow T30	w0019	10100003	01030005	0	03030005	0	0	00	3	10	5	0	7	1	1	1	1	1	1	1	8550	1,2,3,4	30	2,11,12	0	0	6	-1	0	0	0	0	0	0	0	0	0	0	0	0	0	0	0	0	0	0	0	0	0	0	0,0	0,0	0,0	0,0	0,0	0,0	0,0	0,0	104,118	127,143	0,0	0,0	0,0	0,0	0,0	0,0	0,0	0,0	0,0	0,0	0,0	0,0	0	0,1000	10000,10000	3	0	0	0	0	0	0	0	0	0	0	0	0	0	0	T30 Shadow Bow T30 (Family set)	equipment_v2	1
10251	Shadow Gun T30	w0024	10100004	01040003	0	03040003	0	0	00	4	10	5	0	7	1	1	1	1	1	1	1	8550	1,2,3,4	30	2,11,12	0	0	9	-1	0	0	0	0	0	0	0	0	0	0	0	0	0	0	0	0	0	0	0	0	0	0	0,0	0,0	0,0	0,0	0,0	0,0	0,0	0,0	104,118	127,143	0,0	0,0	0,0	0,0	0,0	0,0	0,0	0,0	0,0	0,0	0,0	0,0	0	0,1000	10000,10000	3	0	0	0	0	0	0	0	0	0	0	0	0	0	0	T30 Shadow Gun T30 (Family set)	equipment_v2	1
10252	Shadow Staff T30	w0060	10100009	0	0	03090004	04090004	0	00	9	10	5	0	7	1	1	1	1	1	1	1	8550	1,2,3,4	30	5,13,14	0	0	9	-1	0	0	0	0	0	0	0	0	0	0	0	0	0	0	0	0	0	0	0	0	0	0	0,0	0,0	0,0	0,0	0,0	0,0	0,0	0,0	131,147	160,180	0,0	0,0	0,0	0,0	0,0	0,0	0,0	0,0	0,0	0,0	0,0	0,0	0	0,1000	10000,10000	3	0	0	0	0	0	0	0	0	0	0	0	0	0	0	T30 Shadow Staff T30 (Family set)	equipment_v2	1
10253	Shadow Dagger T30	w0046	10100007	01070004	0	03070004	04070004	0	00	7	10	5	0	7	1	1	1	1	1	1	1	8550	1,2,3,4	30	4,16	0	0	9	-1	0	0	0	0	0	0	0	0	0	0	0	0	0	0	0	0	0	0	0	0	0	0	0,0	0,0	0,0	0,0	0,0	0,0	0,0	0,0	131,147	160,180	0,0	0,0	0,0	0,0	0,0	0,0	0,0	0,0	0,0	0,0	0,0	0,0	1	0,1000	10000,10000	3	0	0	0	0	0	0	0	0	0	0	0	0	0	0	T30 Shadow Dagger T30 (Family set)	equipment_v2	1
10254	Shadow Cap T30	e0699	10110001	0	0	0	0003970001	0	00	20	10	5	0	7	1	1	1	1	1	1	1	8550	1,2,3,4	30	1,2,3,4,5,8,9,10,12,13,14,16	0	0	0	-1	0	0	0	0	0	0	0	0	0	0	0	0	0	0	0	0	0	0	0	0	0	0	0,0	0,0	0,0	0,0	0,0	0,0	0,0	0,0	0,0	0,0	9,9	0,0	0,0	0,0	0,0	0,0	0,0	0,0	0,0	0,0	0,0	0,0	0	0,1000	8000,8000	2	0	0	0	0	0	0	0	0	0	0	0	0	0	0	T30 Shadow Cap T30 (Family set)	equipment_v2	1
10255	Shadow Body T30	e0102	10110002	0000060002	0001060002	0002591002	0	0	00	22	10	5	0	7	1	1	1	1	1	1	1	8550	1,2,3,4	30	1,2,3,4,5,8,9,10,12,13,14,16	0	0	2	-1	0	0	0	0	0	0	0	0	0	0	0	0	0	0	0	0	0	0	0	0	0	0	0,0	0,0	0,0	0,0	0,0	0,0	0,0	0,0	0,0	0,0	23,23	0,0	0,0	0,0	0,0	0,0	0,0	0,0	0,0	0,0	0,0	0,0	0	0,1000	8000,8000	2	0	0	0	0	0	0	0	0	0	0	0	0	0	0	T30 Shadow Body T30 (Family set)	equipment_v2	1
10256	Shadow Gloves T30	e0277	10110003	0000060003	0001060003	0002591003	0	0	00	23	10	5	0	7	1	1	1	1	1	1	1	8550	1,2,3,4	30	1,2,3,4,5,8,9,10,12,13,14,16	0	0	3	-1	0	0	0	0	0	0	0	0	0	0	0	0	0	0	0	0	0	0	0	0	0	0	0,0	0,0	0,0	0,0	0,0	0,0	0,0	0,0	0,0	0,0	9,9	0,0	0,0	0,0	0,0	0,0	0,0	0,0	0,0	0,0	0,0	0,0	0	0,1000	8000,8000	2	0	0	0	0	0	0	0	0	0	0	0	0	0	0	T30 Shadow Gloves T30 (Family set)	equipment_v2	1
10257	Shadow Boots T30	e0452	10110004	0000060004	0001060004	0002591004	0	0	00	24	10	5	0	7	1	1	1	1	1	1	1	8550	1,2,3,4	30	1,2,3,4,5,8,9,10,12,13,14,16	0	0	4	-1	0	0	0	0	0	0	0	0	0	0	0	0	0	0	0	0	0	0	0	0	0	0	0,0	0,0	0,0	0,0	0,0	0,0	0,0	0,0	0,0	0,0	9,9	0,0	0,0	0,0	0,0	0,0	0,0	0,0	0,0	0,0	0,0	0,0	0	0,1000	8000,8000	2	0	0	0	0	0	0	0	0	0	0	0	0	0	0	T30 Shadow Boots T30 (Family set)	equipment_v2	1
10258	Shadow Necklace T30	l0004	10130005	0	0	0	0	0	00	25	10	5	0	7	1	1	1	1	1	1	1	8550	1,2,3,4	30	-1	0	0	5	-1	0	0	0	0	0	0	0	0	0	0	0	0	0	0	0	0	0	0	0	0	0	0	0,0	0,0	0,0	0,0	0,0	0,0	0,0	0,0	0,0	0,0	0,0	55,55	0,0	0,0	0,0	0,0	0,0	0,0	0,0	0,0	0,0	0,0	0	0,1000	8000,8000	1	0	0	0	0	0	0	0	0	0	0	0	0	0	0	T30 Shadow Necklace T30 (Family set)	equipment_v2	1
10259	Shadow Ring T30	r0015	10130005	0	0	0	0	0	00	26	10	5	0	7	1	1	1	1	1	1	1	8550	1,2,3,4	30	-1	0	0	7,8	-1	0	0	0	0	0	0	0	0	0	0	0	0	0	0	0	0	0	0	0	0	0	0	0,0	0,0	0,0	0,0	0,0	0,0	0,0	0,0	0,0	0,0	0,0	27,27	0,0	0,0	0,0	0,0	0,0	0,0	0,0	0,0	0,0	0,0	0	0,1000	8000,8000	1	0	0	0	0	0	0	0	0	0	0	0	0	0	0	T30 Shadow Ring T30 (Family set)	equipment_v2	1
10260	Sanctum Greatsword T30	w0010	10100002	01020003	02020003	0	0	0	00	2	10	6	0	7	1	1	1	1	1	1	1	8560	1,2,3,4	30	1,8	0	0	9	-1	0	0	0	0	0	0	0	0	0	0	0	0	0	0	0	0	0	0	0	0	0	0	0,0	0,0	0,0	0,0	0,0	0,0	0,0	0,0	116,130	141,159	0,0	0,0	0,0	0,0	0,0	0,0	0,0	0,0	0,0	0,0	0,0	0,0	0	0,1000	10000,10000	3	0	0	0	0	0	0	0	0	0	0	0	0	0	0	T30 Sanctum Greatsword T30 (Family set)	equipment_v2	1
10261	Sanctum Sword T30	w0004	10100001	01010004	02010004	03010073	0	0	00	1	10	6	0	7	1	1	1	1	1	1	1	8560	1,2,3,4	30	1,9,10	0	0	9,6	-1	0	0	0	0	0	0	0	0	0	0	0	0	0	0	0	0	0	0	0	0	0	0	0,0	0,0	0,0	0,0	0,0	0,0	0,0	0,0	81,91	99,111	0,0	0,0	0,0	0,0	0,0	0,0	0,0	0,0	0,0	0,0	0,0	0,0	1	0,1000	10000,10000	3	0	0	0	0	0	0	0	0	0	0	0	0	0	0	T30 Sanctum Sword T30 (Family set)	equipment_v2	1
10262	Sanctum Bow T30	w0019	10100003	01030005	0	03030005	0	0	00	3	10	6	0	7	1	1	1	1	1	1	1	8560	1,2,3,4	30	2,11,12	0	0	6	-1	0	0	0	0	0	0	0	0	0	0	0	0	0	0	0	0	0	0	0	0	0	0	0,0	0,0	0,0	0,0	0,0	0,0	0,0	0,0	104,118	127,143	0,0	0,0	0,0	0,0	0,0	0,0	0,0	0,0	0,0	0,0	0,0	0,0	0	0,1000	10000,10000	3	0	0	0	0	0	0	0	0	0	0	0	0	0	0	T30 Sanctum Bow T30 (Family set)	equipment_v2	1
10263	Sanctum Gun T30	w0024	10100004	01040003	0	03040003	0	0	00	4	10	6	0	7	1	1	1	1	1	1	1	8560	1,2,3,4	30	2,11,12	0	0	9	-1	0	0	0	0	0	0	0	0	0	0	0	0	0	0	0	0	0	0	0	0	0	0	0,0	0,0	0,0	0,0	0,0	0,0	0,0	0,0	104,118	127,143	0,0	0,0	0,0	0,0	0,0	0,0	0,0	0,0	0,0	0,0	0,0	0,0	0	0,1000	10000,10000	3	0	0	0	0	0	0	0	0	0	0	0	0	0	0	T30 Sanctum Gun T30 (Family set)	equipment_v2	1
10264	Sanctum Staff T30	w0060	10100009	0	0	03090004	04090004	0	00	9	10	6	0	7	1	1	1	1	1	1	1	8560	1,2,3,4	30	5,13,14	0	0	9	-1	0	0	0	0	0	0	0	0	0	0	0	0	0	0	0	0	0	0	0	0	0	0	0,0	0,0	0,0	0,0	0,0	0,0	0,0	0,0	131,147	160,180	0,0	0,0	0,0	0,0	0,0	0,0	0,0	0,0	0,0	0,0	0,0	0,0	0	0,1000	10000,10000	3	0	0	0	0	0	0	0	0	0	0	0	0	0	0	T30 Sanctum Staff T30 (Family set)	equipment_v2	1
10265	Sanctum Dagger T30	w0046	10100007	01070004	0	03070004	04070004	0	00	7	10	6	0	7	1	1	1	1	1	1	1	8560	1,2,3,4	30	4,16	0	0	9	-1	0	0	0	0	0	0	0	0	0	0	0	0	0	0	0	0	0	0	0	0	0	0	0,0	0,0	0,0	0,0	0,0	0,0	0,0	0,0	131,147	160,180	0,0	0,0	0,0	0,0	0,0	0,0	0,0	0,0	0,0	0,0	0,0	0,0	1	0,1000	10000,10000	3	0	0	0	0	0	0	0	0	0	0	0	0	0	0	T30 Sanctum Dagger T30 (Family set)	equipment_v2	1
10266	Sanctum Cap T30	e0699	10110001	0	0	0	0003970001	0	00	20	10	6	0	7	1	1	1	1	1	1	1	8560	1,2,3,4	30	1,2,3,4,5,8,9,10,12,13,14,16	0	0	0	-1	0	0	0	0	0	0	0	0	0	0	0	0	0	0	0	0	0	0	0	0	0	0	0,0	0,0	0,0	0,0	0,0	0,0	0,0	0,0	0,0	0,0	9,9	0,0	0,0	0,0	0,0	0,0	0,0	0,0	0,0	0,0	0,0	0,0	0	0,1000	8000,8000	2	0	0	0	0	0	0	0	0	0	0	0	0	0	0	T30 Sanctum Cap T30 (Family set)	equipment_v2	1
10267	Sanctum Body T30	e0102	10110002	0000060002	0001060002	0002591002	0	0	00	22	10	6	0	7	1	1	1	1	1	1	1	8560	1,2,3,4	30	1,2,3,4,5,8,9,10,12,13,14,16	0	0	2	-1	0	0	0	0	0	0	0	0	0	0	0	0	0	0	0	0	0	0	0	0	0	0	0,0	0,0	0,0	0,0	0,0	0,0	0,0	0,0	0,0	0,0	23,23	0,0	0,0	0,0	0,0	0,0	0,0	0,0	0,0	0,0	0,0	0,0	0	0,1000	8000,8000	2	0	0	0	0	0	0	0	0	0	0	0	0	0	0	T30 Sanctum Body T30 (Family set)	equipment_v2	1
10268	Sanctum Gloves T30	e0277	10110003	0000060003	0001060003	0002591003	0	0	00	23	10	6	0	7	1	1	1	1	1	1	1	8560	1,2,3,4	30	1,2,3,4,5,8,9,10,12,13,14,16	0	0	3	-1	0	0	0	0	0	0	0	0	0	0	0	0	0	0	0	0	0	0	0	0	0	0	0,0	0,0	0,0	0,0	0,0	0,0	0,0	0,0	0,0	0,0	9,9	0,0	0,0	0,0	0,0	0,0	0,0	0,0	0,0	0,0	0,0	0,0	0	0,1000	8000,8000	2	0	0	0	0	0	0	0	0	0	0	0	0	0	0	T30 Sanctum Gloves T30 (Family set)	equipment_v2	1
10269	Sanctum Boots T30	e0452	10110004	0000060004	0001060004	0002591004	0	0	00	24	10	6	0	7	1	1	1	1	1	1	1	8560	1,2,3,4	30	1,2,3,4,5,8,9,10,12,13,14,16	0	0	4	-1	0	0	0	0	0	0	0	0	0	0	0	0	0	0	0	0	0	0	0	0	0	0	0,0	0,0	0,0	0,0	0,0	0,0	0,0	0,0	0,0	0,0	9,9	0,0	0,0	0,0	0,0	0,0	0,0	0,0	0,0	0,0	0,0	0,0	0	0,1000	8000,8000	2	0	0	0	0	0	0	0	0	0	0	0	0	0	0	T30 Sanctum Boots T30 (Family set)	equipment_v2	1
10270	Sanctum Necklace T30	l0004	10130005	0	0	0	0	0	00	25	10	6	0	7	1	1	1	1	1	1	1	8560	1,2,3,4	30	-1	0	0	5	-1	0	0	0	0	0	0	0	0	0	0	0	0	0	0	0	0	0	0	0	0	0	0	0,0	0,0	0,0	0,0	0,0	0,0	0,0	0,0	0,0	0,0	0,0	55,55	0,0	0,0	0,0	0,0	0,0	0,0	0,0	0,0	0,0	0,0	0	0,1000	8000,8000	1	0	0	0	0	0	0	0	0	0	0	0	0	0	0	T30 Sanctum Necklace T30 (Family set)	equipment_v2	1
10271	Sanctum Ring T30	r0015	10130005	0	0	0	0	0	00	26	10	6	0	7	1	1	1	1	1	1	1	8560	1,2,3,4	30	-1	0	0	7,8	-1	0	0	0	0	0	0	0	0	0	0	0	0	0	0	0	0	0	0	0	0	0	0	0,0	0,0	0,0	0,0	0,0	0,0	0,0	0,0	0,0	0,0	0,0	27,27	0,0	0,0	0,0	0,0	0,0	0,0	0,0	0,0	0,0	0,0	0	0,1000	8000,8000	1	0	0	0	0	0	0	0	0	0	0	0	0	0	0	T30 Sanctum Ring T30 (Family set)	equipment_v2	1
10300	Guardian Greatsword T40	w0010	10100002	01020003	02020003	0	0	0	00	2	10	1	0	7	1	1	1	1	1	1	1	11010	1,2,3,4	40	1,8	0	0	9	-1	0	0	0	0	0	0	0	0	0	0	0	0	0	0	0	0	0	0	0	0	0	0	0,0	0,0	0,0	0,0	0,0	0,0	0,0	0,0	193,217	235,265	0,0	0,0	0,0	0,0	0,0	0,0	0,0	0,0	0,0	0,0	0,0	0,0	0	0,1000	10000,10000	3	0	0	0	0	0	0	0	0	0	0	0	0	0	0	T40 Guardian Greatsword T40 (Family set)	equipment_v2	1
10301	Guardian Sword T40	w0004	10100001	01010004	02010004	03010073	0	0	00	1	10	1	0	7	1	1	1	1	1	1	1	11010	1,2,3,4	40	1,9,10	0	0	9,6	-1	0	0	0	0	0	0	0	0	0	0	0	0	0	0	0	0	0	0	0	0	0	0	0,0	0,0	0,0	0,0	0,0	0,0	0,0	0,0	92,104	113,127	0,0	0,0	0,0	0,0	0,0	0,0	0,0	0,0	0,0	0,0	0,0	0,0	1	0,1000	10000,10000	3	0	0	0	0	0	0	0	0	0	0	0	0	0	0	T40 Guardian Sword T40 (Family set)	equipment_v2	1
10302	Guardian Bow T40	w0019	10100003	01030005	0	03030005	0	0	00	3	10	1	0	7	1	1	1	1	1	1	1	11010	1,2,3,4	40	2,11,12	0	0	6	-1	0	0	0	0	0	0	0	0	0	0	0	0	0	0	0	0	0	0	0	0	0	0	0,0	0,0	0,0	0,0	0,0	0,0	0,0	0,0	212,240	258,292	0,0	0,0	0,0	0,0	0,0	0,0	0,0	0,0	0,0	0,0	0,0	0,0	0	0,1000	10000,10000	3	0	0	0	0	0	0	0	0	0	0	0	0	0	0	T40 Guardian Bow T40 (Family set)	equipment_v2	1
10303	Guardian Gun T40	w0024	10100004	01040003	0	03040003	0	0	00	4	10	1	0	7	1	1	1	1	1	1	1	11010	1,2,3,4	40	2,11,12	0	0	9	-1	0	0	0	0	0	0	0	0	0	0	0	0	0	0	0	0	0	0	0	0	0	0	0,0	0,0	0,0	0,0	0,0	0,0	0,0	0,0	212,240	258,292	0,0	0,0	0,0	0,0	0,0	0,0	0,0	0,0	0,0	0,0	0,0	0,0	0	0,1000	10000,10000	3	0	0	0	0	0	0	0	0	0	0	0	0	0	0	T40 Guardian Gun T40 (Family set)	equipment_v2	1
10304	Guardian Staff T40	w0060	10100009	0	0	03090004	04090004	0	00	9	10	1	0	7	1	1	1	1	1	1	1	11010	1,2,3,4	40	5,13,14	0	0	9	-1	0	0	0	0	0	0	0	0	0	0	0	0	0	0	0	0	0	0	0	0	0	0	0,0	0,0	0,0	0,0	0,0	0,0	0,0	0,0	162,182	197,223	0,0	0,0	0,0	0,0	0,0	0,0	0,0	0,0	0,0	0,0	0,0	0,0	0	0,1000	10000,10000	3	0	0	0	0	0	0	0	0	0	0	0	0	0	0	T40 Guardian Staff T40 (Family set)	equipment_v2	1
10305	Guardian Dagger T40	w0046	10100007	01070004	0	03070004	04070004	0	00	7	10	1	0	7	1	1	1	1	1	1	1	11010	1,2,3,4	40	4,16	0	0	9	-1	0	0	0	0	0	0	0	0	0	0	0	0	0	0	0	0	0	0	0	0	0	0	0,0	0,0	0,0	0,0	0,0	0,0	0,0	0,0	162,182	197,223	0,0	0,0	0,0	0,0	0,0	0,0	0,0	0,0	0,0	0,0	0,0	0,0	1	0,1000	10000,10000	3	0	0	0	0	0	0	0	0	0	0	0	0	0	0	T40 Guardian Dagger T40 (Family set)	equipment_v2	1
10306	Guardian Cap T40	e0699	10110001	0	0	0	0003970001	0	00	20	10	1	0	7	1	1	1	1	1	1	1	11010	1,2,3,4	40	1,2,3,4,5,8,9,10,12,13,14,16	0	0	0	-1	0	0	0	0	0	0	0	0	0	0	0	0	0	0	0	0	0	0	0	0	0	0	0,0	0,0	0,0	0,0	0,0	0,0	0,0	0,0	0,0	0,0	12,12	0,0	0,0	0,0	0,0	0,0	0,0	0,0	0,0	0,0	0,0	0,0	0	0,1000	8000,8000	2	0	0	0	0	0	0	0	0	0	0	0	0	0	0	T40 Guardian Cap T40 (Family set)	equipment_v2	1
10307	Guardian Body T40	e0102	10110002	0000060002	0001060002	0002591002	0	0	00	22	10	1	0	7	1	1	1	1	1	1	1	11010	1,2,3,4	40	1,2,3,4,5,8,9,10,12,13,14,16	0	0	2	-1	0	0	0	0	0	0	0	0	0	0	0	0	0	0	0	0	0	0	0	0	0	0	0,0	0,0	0,0	0,0	0,0	0,0	0,0	0,0	0,0	0,0	29,29	0,0	0,0	0,0	0,0	0,0	0,0	0,0	0,0	0,0	0,0	0,0	0	0,1000	8000,8000	2	0	0	0	0	0	0	0	0	0	0	0	0	0	0	T40 Guardian Body T40 (Family set)	equipment_v2	1
10308	Guardian Gloves T40	e0277	10110003	0000060003	0001060003	0002591003	0	0	00	23	10	1	0	7	1	1	1	1	1	1	1	11010	1,2,3,4	40	1,2,3,4,5,8,9,10,12,13,14,16	0	0	3	-1	0	0	0	0	0	0	0	0	0	0	0	0	0	0	0	0	0	0	0	0	0	0	0,0	0,0	0,0	0,0	0,0	0,0	0,0	0,0	0,0	0,0	12,12	0,0	0,0	0,0	0,0	0,0	0,0	0,0	0,0	0,0	0,0	0,0	0	0,1000	8000,8000	2	0	0	0	0	0	0	0	0	0	0	0	0	0	0	T40 Guardian Gloves T40 (Family set)	equipment_v2	1
10309	Guardian Boots T40	e0452	10110004	0000060004	0001060004	0002591004	0	0	00	24	10	1	0	7	1	1	1	1	1	1	1	11010	1,2,3,4	40	1,2,3,4,5,8,9,10,12,13,14,16	0	0	4	-1	0	0	0	0	0	0	0	0	0	0	0	0	0	0	0	0	0	0	0	0	0	0	0,0	0,0	0,0	0,0	0,0	0,0	0,0	0,0	0,0	0,0	12,12	0,0	0,0	0,0	0,0	0,0	0,0	0,0	0,0	0,0	0,0	0,0	0	0,1000	8000,8000	2	0	0	0	0	0	0	0	0	0	0	0	0	0	0	T40 Guardian Boots T40 (Family set)	equipment_v2	1
10310	Guardian Necklace T40	l0004	10130005	0	0	0	0	0	00	25	10	1	0	7	1	1	1	1	1	1	1	11010	1,2,3,4	40	-1	0	0	5	-1	0	0	0	0	0	0	0	0	0	0	0	0	0	0	0	0	0	0	0	0	0	0	0,0	0,0	0,0	0,0	0,0	0,0	0,0	0,0	0,0	0,0	0,0	75,75	0,0	0,0	0,0	0,0	0,0	0,0	0,0	0,0	0,0	0,0	0	0,1000	8000,8000	1	0	0	0	0	0	0	0	0	0	0	0	0	0	0	T40 Guardian Necklace T40 (Family set)	equipment_v2	1
10311	Guardian Ring T40	r0015	10130005	0	0	0	0	0	00	26	10	1	0	7	1	1	1	1	1	1	1	11010	1,2,3,4	40	-1	0	0	7,8	-1	0	0	0	0	0	0	0	0	0	0	0	0	0	0	0	0	0	0	0	0	0	0	0,0	0,0	0,0	0,0	0,0	0,0	0,0	0,0	0,0	0,0	0,0	37,37	0,0	0,0	0,0	0,0	0,0	0,0	0,0	0,0	0,0	0,0	0	0,1000	8000,8000	1	0	0	0	0	0	0	0	0	0	0	0	0	0	0	T40 Guardian Ring T40 (Family set)	equipment_v2	1
10312	Royal Greatsword T40	w0010	10100002	01020003	02020003	0	0	0	00	2	10	2	0	7	1	1	1	1	1	1	1	11020	1,2,3,4	40	1,8	0	0	9	-1	0	0	0	0	0	0	0	0	0	0	0	0	0	0	0	0	0	0	0	0	0	0	0,0	0,0	0,0	0,0	0,0	0,0	0,0	0,0	193,217	235,265	0,0	0,0	0,0	0,0	0,0	0,0	0,0	0,0	0,0	0,0	0,0	0,0	0	0,1000	10000,10000	3	0	0	0	0	0	0	0	0	0	0	0	0	0	0	T40 Royal Greatsword T40 (Family set)	equipment_v2	1
10313	Royal Sword T40	w0004	10100001	01010004	02010004	03010073	0	0	00	1	10	2	0	7	1	1	1	1	1	1	1	11020	1,2,3,4	40	1,9,10	0	0	9,6	-1	0	0	0	0	0	0	0	0	0	0	0	0	0	0	0	0	0	0	0	0	0	0	0,0	0,0	0,0	0,0	0,0	0,0	0,0	0,0	92,104	113,127	0,0	0,0	0,0	0,0	0,0	0,0	0,0	0,0	0,0	0,0	0,0	0,0	1	0,1000	10000,10000	3	0	0	0	0	0	0	0	0	0	0	0	0	0	0	T40 Royal Sword T40 (Family set)	equipment_v2	1
10314	Royal Bow T40	w0019	10100003	01030005	0	03030005	0	0	00	3	10	2	0	7	1	1	1	1	1	1	1	11020	1,2,3,4	40	2,11,12	0	0	6	-1	0	0	0	0	0	0	0	0	0	0	0	0	0	0	0	0	0	0	0	0	0	0	0,0	0,0	0,0	0,0	0,0	0,0	0,0	0,0	212,240	258,292	0,0	0,0	0,0	0,0	0,0	0,0	0,0	0,0	0,0	0,0	0,0	0,0	0	0,1000	10000,10000	3	0	0	0	0	0	0	0	0	0	0	0	0	0	0	T40 Royal Bow T40 (Family set)	equipment_v2	1
10315	Royal Gun T40	w0024	10100004	01040003	0	03040003	0	0	00	4	10	2	0	7	1	1	1	1	1	1	1	11020	1,2,3,4	40	2,11,12	0	0	9	-1	0	0	0	0	0	0	0	0	0	0	0	0	0	0	0	0	0	0	0	0	0	0	0,0	0,0	0,0	0,0	0,0	0,0	0,0	0,0	212,240	258,292	0,0	0,0	0,0	0,0	0,0	0,0	0,0	0,0	0,0	0,0	0,0	0,0	0	0,1000	10000,10000	3	0	0	0	0	0	0	0	0	0	0	0	0	0	0	T40 Royal Gun T40 (Family set)	equipment_v2	1
10316	Royal Staff T40	w0060	10100009	0	0	03090004	04090004	0	00	9	10	2	0	7	1	1	1	1	1	1	1	11020	1,2,3,4	40	5,13,14	0	0	9	-1	0	0	0	0	0	0	0	0	0	0	0	0	0	0	0	0	0	0	0	0	0	0	0,0	0,0	0,0	0,0	0,0	0,0	0,0	0,0	162,182	197,223	0,0	0,0	0,0	0,0	0,0	0,0	0,0	0,0	0,0	0,0	0,0	0,0	0	0,1000	10000,10000	3	0	0	0	0	0	0	0	0	0	0	0	0	0	0	T40 Royal Staff T40 (Family set)	equipment_v2	1
10317	Royal Dagger T40	w0046	10100007	01070004	0	03070004	04070004	0	00	7	10	2	0	7	1	1	1	1	1	1	1	11020	1,2,3,4	40	4,16	0	0	9	-1	0	0	0	0	0	0	0	0	0	0	0	0	0	0	0	0	0	0	0	0	0	0	0,0	0,0	0,0	0,0	0,0	0,0	0,0	0,0	162,182	197,223	0,0	0,0	0,0	0,0	0,0	0,0	0,0	0,0	0,0	0,0	0,0	0,0	1	0,1000	10000,10000	3	0	0	0	0	0	0	0	0	0	0	0	0	0	0	T40 Royal Dagger T40 (Family set)	equipment_v2	1
10318	Royal Cap T40	e0699	10110001	0	0	0	0003970001	0	00	20	10	2	0	7	1	1	1	1	1	1	1	11020	1,2,3,4	40	1,2,3,4,5,8,9,10,12,13,14,16	0	0	0	-1	0	0	0	0	0	0	0	0	0	0	0	0	0	0	0	0	0	0	0	0	0	0	0,0	0,0	0,0	0,0	0,0	0,0	0,0	0,0	0,0	0,0	12,12	0,0	0,0	0,0	0,0	0,0	0,0	0,0	0,0	0,0	0,0	0,0	0	0,1000	8000,8000	2	0	0	0	0	0	0	0	0	0	0	0	0	0	0	T40 Royal Cap T40 (Family set)	equipment_v2	1
10319	Royal Body T40	e0102	10110002	0000060002	0001060002	0002591002	0	0	00	22	10	2	0	7	1	1	1	1	1	1	1	11020	1,2,3,4	40	1,2,3,4,5,8,9,10,12,13,14,16	0	0	2	-1	0	0	0	0	0	0	0	0	0	0	0	0	0	0	0	0	0	0	0	0	0	0	0,0	0,0	0,0	0,0	0,0	0,0	0,0	0,0	0,0	0,0	29,29	0,0	0,0	0,0	0,0	0,0	0,0	0,0	0,0	0,0	0,0	0,0	0	0,1000	8000,8000	2	0	0	0	0	0	0	0	0	0	0	0	0	0	0	T40 Royal Body T40 (Family set)	equipment_v2	1
10320	Royal Gloves T40	e0277	10110003	0000060003	0001060003	0002591003	0	0	00	23	10	2	0	7	1	1	1	1	1	1	1	11020	1,2,3,4	40	1,2,3,4,5,8,9,10,12,13,14,16	0	0	3	-1	0	0	0	0	0	0	0	0	0	0	0	0	0	0	0	0	0	0	0	0	0	0	0,0	0,0	0,0	0,0	0,0	0,0	0,0	0,0	0,0	0,0	12,12	0,0	0,0	0,0	0,0	0,0	0,0	0,0	0,0	0,0	0,0	0,0	0	0,1000	8000,8000	2	0	0	0	0	0	0	0	0	0	0	0	0	0	0	T40 Royal Gloves T40 (Family set)	equipment_v2	1
10321	Royal Boots T40	e0452	10110004	0000060004	0001060004	0002591004	0	0	00	24	10	2	0	7	1	1	1	1	1	1	1	11020	1,2,3,4	40	1,2,3,4,5,8,9,10,12,13,14,16	0	0	4	-1	0	0	0	0	0	0	0	0	0	0	0	0	0	0	0	0	0	0	0	0	0	0	0,0	0,0	0,0	0,0	0,0	0,0	0,0	0,0	0,0	0,0	12,12	0,0	0,0	0,0	0,0	0,0	0,0	0,0	0,0	0,0	0,0	0,0	0	0,1000	8000,8000	2	0	0	0	0	0	0	0	0	0	0	0	0	0	0	T40 Royal Boots T40 (Family set)	equipment_v2	1
10322	Royal Necklace T40	l0004	10130005	0	0	0	0	0	00	25	10	2	0	7	1	1	1	1	1	1	1	11020	1,2,3,4	40	-1	0	0	5	-1	0	0	0	0	0	0	0	0	0	0	0	0	0	0	0	0	0	0	0	0	0	0	0,0	0,0	0,0	0,0	0,0	0,0	0,0	0,0	0,0	0,0	0,0	75,75	0,0	0,0	0,0	0,0	0,0	0,0	0,0	0,0	0,0	0,0	0	0,1000	8000,8000	1	0	0	0	0	0	0	0	0	0	0	0	0	0	0	T40 Royal Necklace T40 (Family set)	equipment_v2	1
10323	Royal Ring T40	r0015	10130005	0	0	0	0	0	00	26	10	2	0	7	1	1	1	1	1	1	1	11020	1,2,3,4	40	-1	0	0	7,8	-1	0	0	0	0	0	0	0	0	0	0	0	0	0	0	0	0	0	0	0	0	0	0	0,0	0,0	0,0	0,0	0,0	0,0	0,0	0,0	0,0	0,0	0,0	37,37	0,0	0,0	0,0	0,0	0,0	0,0	0,0	0,0	0,0	0,0	0	0,1000	8000,8000	1	0	0	0	0	0	0	0	0	0	0	0	0	0	0	T40 Royal Ring T40 (Family set)	equipment_v2	1
10324	Wind Greatsword T40	w0010	10100002	01020003	02020003	0	0	0	00	2	10	3	0	7	1	1	1	1	1	1	1	11030	1,2,3,4	40	1,8	0	0	9	-1	0	0	0	0	0	0	0	0	0	0	0	0	0	0	0	0	0	0	0	0	0	0	0,0	0,0	0,0	0,0	0,0	0,0	0,0	0,0	193,217	235,265	0,0	0,0	0,0	0,0	0,0	0,0	0,0	0,0	0,0	0,0	0,0	0,0	0	0,1000	10000,10000	3	0	0	0	0	0	0	0	0	0	0	0	0	0	0	T40 Wind Greatsword T40 (Family set)	equipment_v2	1
10325	Wind Sword T40	w0004	10100001	01010004	02010004	03010073	0	0	00	1	10	3	0	7	1	1	1	1	1	1	1	11030	1,2,3,4	40	1,9,10	0	0	9,6	-1	0	0	0	0	0	0	0	0	0	0	0	0	0	0	0	0	0	0	0	0	0	0	0,0	0,0	0,0	0,0	0,0	0,0	0,0	0,0	92,104	113,127	0,0	0,0	0,0	0,0	0,0	0,0	0,0	0,0	0,0	0,0	0,0	0,0	1	0,1000	10000,10000	3	0	0	0	0	0	0	0	0	0	0	0	0	0	0	T40 Wind Sword T40 (Family set)	equipment_v2	1
10326	Wind Bow T40	w0019	10100003	01030005	0	03030005	0	0	00	3	10	3	0	7	1	1	1	1	1	1	1	11030	1,2,3,4	40	2,11,12	0	0	6	-1	0	0	0	0	0	0	0	0	0	0	0	0	0	0	0	0	0	0	0	0	0	0	0,0	0,0	0,0	0,0	0,0	0,0	0,0	0,0	212,240	258,292	0,0	0,0	0,0	0,0	0,0	0,0	0,0	0,0	0,0	0,0	0,0	0,0	0	0,1000	10000,10000	3	0	0	0	0	0	0	0	0	0	0	0	0	0	0	T40 Wind Bow T40 (Family set)	equipment_v2	1
10327	Wind Gun T40	w0024	10100004	01040003	0	03040003	0	0	00	4	10	3	0	7	1	1	1	1	1	1	1	11030	1,2,3,4	40	2,11,12	0	0	9	-1	0	0	0	0	0	0	0	0	0	0	0	0	0	0	0	0	0	0	0	0	0	0	0,0	0,0	0,0	0,0	0,0	0,0	0,0	0,0	212,240	258,292	0,0	0,0	0,0	0,0	0,0	0,0	0,0	0,0	0,0	0,0	0,0	0,0	0	0,1000	10000,10000	3	0	0	0	0	0	0	0	0	0	0	0	0	0	0	T40 Wind Gun T40 (Family set)	equipment_v2	1
10328	Wind Staff T40	w0060	10100009	0	0	03090004	04090004	0	00	9	10	3	0	7	1	1	1	1	1	1	1	11030	1,2,3,4	40	5,13,14	0	0	9	-1	0	0	0	0	0	0	0	0	0	0	0	0	0	0	0	0	0	0	0	0	0	0	0,0	0,0	0,0	0,0	0,0	0,0	0,0	0,0	162,182	197,223	0,0	0,0	0,0	0,0	0,0	0,0	0,0	0,0	0,0	0,0	0,0	0,0	0	0,1000	10000,10000	3	0	0	0	0	0	0	0	0	0	0	0	0	0	0	T40 Wind Staff T40 (Family set)	equipment_v2	1
10329	Wind Dagger T40	w0046	10100007	01070004	0	03070004	04070004	0	00	7	10	3	0	7	1	1	1	1	1	1	1	11030	1,2,3,4	40	4,16	0	0	9	-1	0	0	0	0	0	0	0	0	0	0	0	0	0	0	0	0	0	0	0	0	0	0	0,0	0,0	0,0	0,0	0,0	0,0	0,0	0,0	162,182	197,223	0,0	0,0	0,0	0,0	0,0	0,0	0,0	0,0	0,0	0,0	0,0	0,0	1	0,1000	10000,10000	3	0	0	0	0	0	0	0	0	0	0	0	0	0	0	T40 Wind Dagger T40 (Family set)	equipment_v2	1
10330	Wind Cap T40	e0699	10110001	0	0	0	0003970001	0	00	20	10	3	0	7	1	1	1	1	1	1	1	11030	1,2,3,4	40	1,2,3,4,5,8,9,10,12,13,14,16	0	0	0	-1	0	0	0	0	0	0	0	0	0	0	0	0	0	0	0	0	0	0	0	0	0	0	0,0	0,0	0,0	0,0	0,0	0,0	0,0	0,0	0,0	0,0	12,12	0,0	0,0	0,0	0,0	0,0	0,0	0,0	0,0	0,0	0,0	0,0	0	0,1000	8000,8000	2	0	0	0	0	0	0	0	0	0	0	0	0	0	0	T40 Wind Cap T40 (Family set)	equipment_v2	1
10331	Wind Body T40	e0102	10110002	0000060002	0001060002	0002591002	0	0	00	22	10	3	0	7	1	1	1	1	1	1	1	11030	1,2,3,4	40	1,2,3,4,5,8,9,10,12,13,14,16	0	0	2	-1	0	0	0	0	0	0	0	0	0	0	0	0	0	0	0	0	0	0	0	0	0	0	0,0	0,0	0,0	0,0	0,0	0,0	0,0	0,0	0,0	0,0	29,29	0,0	0,0	0,0	0,0	0,0	0,0	0,0	0,0	0,0	0,0	0,0	0	0,1000	8000,8000	2	0	0	0	0	0	0	0	0	0	0	0	0	0	0	T40 Wind Body T40 (Family set)	equipment_v2	1
10332	Wind Gloves T40	e0277	10110003	0000060003	0001060003	0002591003	0	0	00	23	10	3	0	7	1	1	1	1	1	1	1	11030	1,2,3,4	40	1,2,3,4,5,8,9,10,12,13,14,16	0	0	3	-1	0	0	0	0	0	0	0	0	0	0	0	0	0	0	0	0	0	0	0	0	0	0	0,0	0,0	0,0	0,0	0,0	0,0	0,0	0,0	0,0	0,0	12,12	0,0	0,0	0,0	0,0	0,0	0,0	0,0	0,0	0,0	0,0	0,0	0	0,1000	8000,8000	2	0	0	0	0	0	0	0	0	0	0	0	0	0	0	T40 Wind Gloves T40 (Family set)	equipment_v2	1
10333	Wind Boots T40	e0452	10110004	0000060004	0001060004	0002591004	0	0	00	24	10	3	0	7	1	1	1	1	1	1	1	11030	1,2,3,4	40	1,2,3,4,5,8,9,10,12,13,14,16	0	0	4	-1	0	0	0	0	0	0	0	0	0	0	0	0	0	0	0	0	0	0	0	0	0	0	0,0	0,0	0,0	0,0	0,0	0,0	0,0	0,0	0,0	0,0	12,12	0,0	0,0	0,0	0,0	0,0	0,0	0,0	0,0	0,0	0,0	0,0	0	0,1000	8000,8000	2	0	0	0	0	0	0	0	0	0	0	0	0	0	0	T40 Wind Boots T40 (Family set)	equipment_v2	1
10334	Wind Necklace T40	l0004	10130005	0	0	0	0	0	00	25	10	3	0	7	1	1	1	1	1	1	1	11030	1,2,3,4	40	-1	0	0	5	-1	0	0	0	0	0	0	0	0	0	0	0	0	0	0	0	0	0	0	0	0	0	0	0,0	0,0	0,0	0,0	0,0	0,0	0,0	0,0	0,0	0,0	0,0	75,75	0,0	0,0	0,0	0,0	0,0	0,0	0,0	0,0	0,0	0,0	0	0,1000	8000,8000	1	0	0	0	0	0	0	0	0	0	0	0	0	0	0	T40 Wind Necklace T40 (Family set)	equipment_v2	1
10335	Wind Ring T40	r0015	10130005	0	0	0	0	0	00	26	10	3	0	7	1	1	1	1	1	1	1	11030	1,2,3,4	40	-1	0	0	7,8	-1	0	0	0	0	0	0	0	0	0	0	0	0	0	0	0	0	0	0	0	0	0	0	0,0	0,0	0,0	0,0	0,0	0,0	0,0	0,0	0,0	0,0	0,0	37,37	0,0	0,0	0,0	0,0	0,0	0,0	0,0	0,0	0,0	0,0	0	0,1000	8000,8000	1	0	0	0	0	0	0	0	0	0	0	0	0	0	0	T40 Wind Ring T40 (Family set)	equipment_v2	1
10336	Hunter Greatsword T40	w0010	10100002	01020003	02020003	0	0	0	00	2	10	4	0	7	1	1	1	1	1	1	1	11040	1,2,3,4	40	1,8	0	0	9	-1	0	0	0	0	0	0	0	0	0	0	0	0	0	0	0	0	0	0	0	0	0	0	0,0	0,0	0,0	0,0	0,0	0,0	0,0	0,0	193,217	235,265	0,0	0,0	0,0	0,0	0,0	0,0	0,0	0,0	0,0	0,0	0,0	0,0	0	0,1000	10000,10000	3	0	0	0	0	0	0	0	0	0	0	0	0	0	0	T40 Hunter Greatsword T40 (Family set)	equipment_v2	1
10337	Hunter Sword T40	w0004	10100001	01010004	02010004	03010073	0	0	00	1	10	4	0	7	1	1	1	1	1	1	1	11040	1,2,3,4	40	1,9,10	0	0	9,6	-1	0	0	0	0	0	0	0	0	0	0	0	0	0	0	0	0	0	0	0	0	0	0	0,0	0,0	0,0	0,0	0,0	0,0	0,0	0,0	92,104	113,127	0,0	0,0	0,0	0,0	0,0	0,0	0,0	0,0	0,0	0,0	0,0	0,0	1	0,1000	10000,10000	3	0	0	0	0	0	0	0	0	0	0	0	0	0	0	T40 Hunter Sword T40 (Family set)	equipment_v2	1
10338	Hunter Bow T40	w0019	10100003	01030005	0	03030005	0	0	00	3	10	4	0	7	1	1	1	1	1	1	1	11040	1,2,3,4	40	2,11,12	0	0	6	-1	0	0	0	0	0	0	0	0	0	0	0	0	0	0	0	0	0	0	0	0	0	0	0,0	0,0	0,0	0,0	0,0	0,0	0,0	0,0	212,240	258,292	0,0	0,0	0,0	0,0	0,0	0,0	0,0	0,0	0,0	0,0	0,0	0,0	0	0,1000	10000,10000	3	0	0	0	0	0	0	0	0	0	0	0	0	0	0	T40 Hunter Bow T40 (Family set)	equipment_v2	1
10339	Hunter Gun T40	w0024	10100004	01040003	0	03040003	0	0	00	4	10	4	0	7	1	1	1	1	1	1	1	11040	1,2,3,4	40	2,11,12	0	0	9	-1	0	0	0	0	0	0	0	0	0	0	0	0	0	0	0	0	0	0	0	0	0	0	0,0	0,0	0,0	0,0	0,0	0,0	0,0	0,0	212,240	258,292	0,0	0,0	0,0	0,0	0,0	0,0	0,0	0,0	0,0	0,0	0,0	0,0	0	0,1000	10000,10000	3	0	0	0	0	0	0	0	0	0	0	0	0	0	0	T40 Hunter Gun T40 (Family set)	equipment_v2	1
10340	Hunter Staff T40	w0060	10100009	0	0	03090004	04090004	0	00	9	10	4	0	7	1	1	1	1	1	1	1	11040	1,2,3,4	40	5,13,14	0	0	9	-1	0	0	0	0	0	0	0	0	0	0	0	0	0	0	0	0	0	0	0	0	0	0	0,0	0,0	0,0	0,0	0,0	0,0	0,0	0,0	162,182	197,223	0,0	0,0	0,0	0,0	0,0	0,0	0,0	0,0	0,0	0,0	0,0	0,0	0	0,1000	10000,10000	3	0	0	0	0	0	0	0	0	0	0	0	0	0	0	T40 Hunter Staff T40 (Family set)	equipment_v2	1
10341	Hunter Dagger T40	w0046	10100007	01070004	0	03070004	04070004	0	00	7	10	4	0	7	1	1	1	1	1	1	1	11040	1,2,3,4	40	4,16	0	0	9	-1	0	0	0	0	0	0	0	0	0	0	0	0	0	0	0	0	0	0	0	0	0	0	0,0	0,0	0,0	0,0	0,0	0,0	0,0	0,0	162,182	197,223	0,0	0,0	0,0	0,0	0,0	0,0	0,0	0,0	0,0	0,0	0,0	0,0	1	0,1000	10000,10000	3	0	0	0	0	0	0	0	0	0	0	0	0	0	0	T40 Hunter Dagger T40 (Family set)	equipment_v2	1
10342	Hunter Cap T40	e0699	10110001	0	0	0	0003970001	0	00	20	10	4	0	7	1	1	1	1	1	1	1	11040	1,2,3,4	40	1,2,3,4,5,8,9,10,12,13,14,16	0	0	0	-1	0	0	0	0	0	0	0	0	0	0	0	0	0	0	0	0	0	0	0	0	0	0	0,0	0,0	0,0	0,0	0,0	0,0	0,0	0,0	0,0	0,0	12,12	0,0	0,0	0,0	0,0	0,0	0,0	0,0	0,0	0,0	0,0	0,0	0	0,1000	8000,8000	2	0	0	0	0	0	0	0	0	0	0	0	0	0	0	T40 Hunter Cap T40 (Family set)	equipment_v2	1
10343	Hunter Body T40	e0102	10110002	0000060002	0001060002	0002591002	0	0	00	22	10	4	0	7	1	1	1	1	1	1	1	11040	1,2,3,4	40	1,2,3,4,5,8,9,10,12,13,14,16	0	0	2	-1	0	0	0	0	0	0	0	0	0	0	0	0	0	0	0	0	0	0	0	0	0	0	0,0	0,0	0,0	0,0	0,0	0,0	0,0	0,0	0,0	0,0	29,29	0,0	0,0	0,0	0,0	0,0	0,0	0,0	0,0	0,0	0,0	0,0	0	0,1000	8000,8000	2	0	0	0	0	0	0	0	0	0	0	0	0	0	0	T40 Hunter Body T40 (Family set)	equipment_v2	1
10344	Hunter Gloves T40	e0277	10110003	0000060003	0001060003	0002591003	0	0	00	23	10	4	0	7	1	1	1	1	1	1	1	11040	1,2,3,4	40	1,2,3,4,5,8,9,10,12,13,14,16	0	0	3	-1	0	0	0	0	0	0	0	0	0	0	0	0	0	0	0	0	0	0	0	0	0	0	0,0	0,0	0,0	0,0	0,0	0,0	0,0	0,0	0,0	0,0	12,12	0,0	0,0	0,0	0,0	0,0	0,0	0,0	0,0	0,0	0,0	0,0	0	0,1000	8000,8000	2	0	0	0	0	0	0	0	0	0	0	0	0	0	0	T40 Hunter Gloves T40 (Family set)	equipment_v2	1
10345	Hunter Boots T40	e0452	10110004	0000060004	0001060004	0002591004	0	0	00	24	10	4	0	7	1	1	1	1	1	1	1	11040	1,2,3,4	40	1,2,3,4,5,8,9,10,12,13,14,16	0	0	4	-1	0	0	0	0	0	0	0	0	0	0	0	0	0	0	0	0	0	0	0	0	0	0	0,0	0,0	0,0	0,0	0,0	0,0	0,0	0,0	0,0	0,0	12,12	0,0	0,0	0,0	0,0	0,0	0,0	0,0	0,0	0,0	0,0	0,0	0	0,1000	8000,8000	2	0	0	0	0	0	0	0	0	0	0	0	0	0	0	T40 Hunter Boots T40 (Family set)	equipment_v2	1
10346	Hunter Necklace T40	l0004	10130005	0	0	0	0	0	00	25	10	4	0	7	1	1	1	1	1	1	1	11040	1,2,3,4	40	-1	0	0	5	-1	0	0	0	0	0	0	0	0	0	0	0	0	0	0	0	0	0	0	0	0	0	0	0,0	0,0	0,0	0,0	0,0	0,0	0,0	0,0	0,0	0,0	0,0	75,75	0,0	0,0	0,0	0,0	0,0	0,0	0,0	0,0	0,0	0,0	0	0,1000	8000,8000	1	0	0	0	0	0	0	0	0	0	0	0	0	0	0	T40 Hunter Necklace T40 (Family set)	equipment_v2	1
10347	Hunter Ring T40	r0015	10130005	0	0	0	0	0	00	26	10	4	0	7	1	1	1	1	1	1	1	11040	1,2,3,4	40	-1	0	0	7,8	-1	0	0	0	0	0	0	0	0	0	0	0	0	0	0	0	0	0	0	0	0	0	0	0,0	0,0	0,0	0,0	0,0	0,0	0,0	0,0	0,0	0,0	0,0	37,37	0,0	0,0	0,0	0,0	0,0	0,0	0,0	0,0	0,0	0,0	0	0,1000	8000,8000	1	0	0	0	0	0	0	0	0	0	0	0	0	0	0	T40 Hunter Ring T40 (Family set)	equipment_v2	1
10348	Shadow Greatsword T40	w0010	10100002	01020003	02020003	0	0	0	00	2	10	5	0	7	1	1	1	1	1	1	1	11050	1,2,3,4	40	1,8	0	0	9	-1	0	0	0	0	0	0	0	0	0	0	0	0	0	0	0	0	0	0	0	0	0	0	0,0	0,0	0,0	0,0	0,0	0,0	0,0	0,0	193,217	235,265	0,0	0,0	0,0	0,0	0,0	0,0	0,0	0,0	0,0	0,0	0,0	0,0	0	0,1000	10000,10000	3	0	0	0	0	0	0	0	0	0	0	0	0	0	0	T40 Shadow Greatsword T40 (Family set)	equipment_v2	1
10349	Shadow Sword T40	w0004	10100001	01010004	02010004	03010073	0	0	00	1	10	5	0	7	1	1	1	1	1	1	1	11050	1,2,3,4	40	1,9,10	0	0	9,6	-1	0	0	0	0	0	0	0	0	0	0	0	0	0	0	0	0	0	0	0	0	0	0	0,0	0,0	0,0	0,0	0,0	0,0	0,0	0,0	92,104	113,127	0,0	0,0	0,0	0,0	0,0	0,0	0,0	0,0	0,0	0,0	0,0	0,0	1	0,1000	10000,10000	3	0	0	0	0	0	0	0	0	0	0	0	0	0	0	T40 Shadow Sword T40 (Family set)	equipment_v2	1
10350	Shadow Bow T40	w0019	10100003	01030005	0	03030005	0	0	00	3	10	5	0	7	1	1	1	1	1	1	1	11050	1,2,3,4	40	2,11,12	0	0	6	-1	0	0	0	0	0	0	0	0	0	0	0	0	0	0	0	0	0	0	0	0	0	0	0,0	0,0	0,0	0,0	0,0	0,0	0,0	0,0	212,240	258,292	0,0	0,0	0,0	0,0	0,0	0,0	0,0	0,0	0,0	0,0	0,0	0,0	0	0,1000	10000,10000	3	0	0	0	0	0	0	0	0	0	0	0	0	0	0	T40 Shadow Bow T40 (Family set)	equipment_v2	1
10351	Shadow Gun T40	w0024	10100004	01040003	0	03040003	0	0	00	4	10	5	0	7	1	1	1	1	1	1	1	11050	1,2,3,4	40	2,11,12	0	0	9	-1	0	0	0	0	0	0	0	0	0	0	0	0	0	0	0	0	0	0	0	0	0	0	0,0	0,0	0,0	0,0	0,0	0,0	0,0	0,0	212,240	258,292	0,0	0,0	0,0	0,0	0,0	0,0	0,0	0,0	0,0	0,0	0,0	0,0	0	0,1000	10000,10000	3	0	0	0	0	0	0	0	0	0	0	0	0	0	0	T40 Shadow Gun T40 (Family set)	equipment_v2	1
10352	Shadow Staff T40	w0060	10100009	0	0	03090004	04090004	0	00	9	10	5	0	7	1	1	1	1	1	1	1	11050	1,2,3,4	40	5,13,14	0	0	9	-1	0	0	0	0	0	0	0	0	0	0	0	0	0	0	0	0	0	0	0	0	0	0	0,0	0,0	0,0	0,0	0,0	0,0	0,0	0,0	162,182	197,223	0,0	0,0	0,0	0,0	0,0	0,0	0,0	0,0	0,0	0,0	0,0	0,0	0	0,1000	10000,10000	3	0	0	0	0	0	0	0	0	0	0	0	0	0	0	T40 Shadow Staff T40 (Family set)	equipment_v2	1
10353	Shadow Dagger T40	w0046	10100007	01070004	0	03070004	04070004	0	00	7	10	5	0	7	1	1	1	1	1	1	1	11050	1,2,3,4	40	4,16	0	0	9	-1	0	0	0	0	0	0	0	0	0	0	0	0	0	0	0	0	0	0	0	0	0	0	0,0	0,0	0,0	0,0	0,0	0,0	0,0	0,0	162,182	197,223	0,0	0,0	0,0	0,0	0,0	0,0	0,0	0,0	0,0	0,0	0,0	0,0	1	0,1000	10000,10000	3	0	0	0	0	0	0	0	0	0	0	0	0	0	0	T40 Shadow Dagger T40 (Family set)	equipment_v2	1
10354	Shadow Cap T40	e0699	10110001	0	0	0	0003970001	0	00	20	10	5	0	7	1	1	1	1	1	1	1	11050	1,2,3,4	40	1,2,3,4,5,8,9,10,12,13,14,16	0	0	0	-1	0	0	0	0	0	0	0	0	0	0	0	0	0	0	0	0	0	0	0	0	0	0	0,0	0,0	0,0	0,0	0,0	0,0	0,0	0,0	0,0	0,0	12,12	0,0	0,0	0,0	0,0	0,0	0,0	0,0	0,0	0,0	0,0	0,0	0	0,1000	8000,8000	2	0	0	0	0	0	0	0	0	0	0	0	0	0	0	T40 Shadow Cap T40 (Family set)	equipment_v2	1
10355	Shadow Body T40	e0102	10110002	0000060002	0001060002	0002591002	0	0	00	22	10	5	0	7	1	1	1	1	1	1	1	11050	1,2,3,4	40	1,2,3,4,5,8,9,10,12,13,14,16	0	0	2	-1	0	0	0	0	0	0	0	0	0	0	0	0	0	0	0	0	0	0	0	0	0	0	0,0	0,0	0,0	0,0	0,0	0,0	0,0	0,0	0,0	0,0	29,29	0,0	0,0	0,0	0,0	0,0	0,0	0,0	0,0	0,0	0,0	0,0	0	0,1000	8000,8000	2	0	0	0	0	0	0	0	0	0	0	0	0	0	0	T40 Shadow Body T40 (Family set)	equipment_v2	1
10356	Shadow Gloves T40	e0277	10110003	0000060003	0001060003	0002591003	0	0	00	23	10	5	0	7	1	1	1	1	1	1	1	11050	1,2,3,4	40	1,2,3,4,5,8,9,10,12,13,14,16	0	0	3	-1	0	0	0	0	0	0	0	0	0	0	0	0	0	0	0	0	0	0	0	0	0	0	0,0	0,0	0,0	0,0	0,0	0,0	0,0	0,0	0,0	0,0	12,12	0,0	0,0	0,0	0,0	0,0	0,0	0,0	0,0	0,0	0,0	0,0	0	0,1000	8000,8000	2	0	0	0	0	0	0	0	0	0	0	0	0	0	0	T40 Shadow Gloves T40 (Family set)	equipment_v2	1
10357	Shadow Boots T40	e0452	10110004	0000060004	0001060004	0002591004	0	0	00	24	10	5	0	7	1	1	1	1	1	1	1	11050	1,2,3,4	40	1,2,3,4,5,8,9,10,12,13,14,16	0	0	4	-1	0	0	0	0	0	0	0	0	0	0	0	0	0	0	0	0	0	0	0	0	0	0	0,0	0,0	0,0	0,0	0,0	0,0	0,0	0,0	0,0	0,0	12,12	0,0	0,0	0,0	0,0	0,0	0,0	0,0	0,0	0,0	0,0	0,0	0	0,1000	8000,8000	2	0	0	0	0	0	0	0	0	0	0	0	0	0	0	T40 Shadow Boots T40 (Family set)	equipment_v2	1
10358	Shadow Necklace T40	l0004	10130005	0	0	0	0	0	00	25	10	5	0	7	1	1	1	1	1	1	1	11050	1,2,3,4	40	-1	0	0	5	-1	0	0	0	0	0	0	0	0	0	0	0	0	0	0	0	0	0	0	0	0	0	0	0,0	0,0	0,0	0,0	0,0	0,0	0,0	0,0	0,0	0,0	0,0	75,75	0,0	0,0	0,0	0,0	0,0	0,0	0,0	0,0	0,0	0,0	0	0,1000	8000,8000	1	0	0	0	0	0	0	0	0	0	0	0	0	0	0	T40 Shadow Necklace T40 (Family set)	equipment_v2	1
10359	Shadow Ring T40	r0015	10130005	0	0	0	0	0	00	26	10	5	0	7	1	1	1	1	1	1	1	11050	1,2,3,4	40	-1	0	0	7,8	-1	0	0	0	0	0	0	0	0	0	0	0	0	0	0	0	0	0	0	0	0	0	0	0,0	0,0	0,0	0,0	0,0	0,0	0,0	0,0	0,0	0,0	0,0	37,37	0,0	0,0	0,0	0,0	0,0	0,0	0,0	0,0	0,0	0,0	0	0,1000	8000,8000	1	0	0	0	0	0	0	0	0	0	0	0	0	0	0	T40 Shadow Ring T40 (Family set)	equipment_v2	1
10360	Sanctum Greatsword T40	w0010	10100002	01020003	02020003	0	0	0	00	2	10	6	0	7	1	1	1	1	1	1	1	11060	1,2,3,4	40	1,8	0	0	9	-1	0	0	0	0	0	0	0	0	0	0	0	0	0	0	0	0	0	0	0	0	0	0	0,0	0,0	0,0	0,0	0,0	0,0	0,0	0,0	193,217	235,265	0,0	0,0	0,0	0,0	0,0	0,0	0,0	0,0	0,0	0,0	0,0	0,0	0	0,1000	10000,10000	3	0	0	0	0	0	0	0	0	0	0	0	0	0	0	T40 Sanctum Greatsword T40 (Family set)	equipment_v2	1
10361	Sanctum Sword T40	w0004	10100001	01010004	02010004	03010073	0	0	00	1	10	6	0	7	1	1	1	1	1	1	1	11060	1,2,3,4	40	1,9,10	0	0	9,6	-1	0	0	0	0	0	0	0	0	0	0	0	0	0	0	0	0	0	0	0	0	0	0	0,0	0,0	0,0	0,0	0,0	0,0	0,0	0,0	92,104	113,127	0,0	0,0	0,0	0,0	0,0	0,0	0,0	0,0	0,0	0,0	0,0	0,0	1	0,1000	10000,10000	3	0	0	0	0	0	0	0	0	0	0	0	0	0	0	T40 Sanctum Sword T40 (Family set)	equipment_v2	1
10362	Sanctum Bow T40	w0019	10100003	01030005	0	03030005	0	0	00	3	10	6	0	7	1	1	1	1	1	1	1	11060	1,2,3,4	40	2,11,12	0	0	6	-1	0	0	0	0	0	0	0	0	0	0	0	0	0	0	0	0	0	0	0	0	0	0	0,0	0,0	0,0	0,0	0,0	0,0	0,0	0,0	212,240	258,292	0,0	0,0	0,0	0,0	0,0	0,0	0,0	0,0	0,0	0,0	0,0	0,0	0	0,1000	10000,10000	3	0	0	0	0	0	0	0	0	0	0	0	0	0	0	T40 Sanctum Bow T40 (Family set)	equipment_v2	1
10363	Sanctum Gun T40	w0024	10100004	01040003	0	03040003	0	0	00	4	10	6	0	7	1	1	1	1	1	1	1	11060	1,2,3,4	40	2,11,12	0	0	9	-1	0	0	0	0	0	0	0	0	0	0	0	0	0	0	0	0	0	0	0	0	0	0	0,0	0,0	0,0	0,0	0,0	0,0	0,0	0,0	212,240	258,292	0,0	0,0	0,0	0,0	0,0	0,0	0,0	0,0	0,0	0,0	0,0	0,0	0	0,1000	10000,10000	3	0	0	0	0	0	0	0	0	0	0	0	0	0	0	T40 Sanctum Gun T40 (Family set)	equipment_v2	1
10364	Sanctum Staff T40	w0060	10100009	0	0	03090004	04090004	0	00	9	10	6	0	7	1	1	1	1	1	1	1	11060	1,2,3,4	40	5,13,14	0	0	9	-1	0	0	0	0	0	0	0	0	0	0	0	0	0	0	0	0	0	0	0	0	0	0	0,0	0,0	0,0	0,0	0,0	0,0	0,0	0,0	162,182	197,223	0,0	0,0	0,0	0,0	0,0	0,0	0,0	0,0	0,0	0,0	0,0	0,0	0	0,1000	10000,10000	3	0	0	0	0	0	0	0	0	0	0	0	0	0	0	T40 Sanctum Staff T40 (Family set)	equipment_v2	1
10365	Sanctum Dagger T40	w0046	10100007	01070004	0	03070004	04070004	0	00	7	10	6	0	7	1	1	1	1	1	1	1	11060	1,2,3,4	40	4,16	0	0	9	-1	0	0	0	0	0	0	0	0	0	0	0	0	0	0	0	0	0	0	0	0	0	0	0,0	0,0	0,0	0,0	0,0	0,0	0,0	0,0	162,182	197,223	0,0	0,0	0,0	0,0	0,0	0,0	0,0	0,0	0,0	0,0	0,0	0,0	1	0,1000	10000,10000	3	0	0	0	0	0	0	0	0	0	0	0	0	0	0	T40 Sanctum Dagger T40 (Family set)	equipment_v2	1
10366	Sanctum Cap T40	e0699	10110001	0	0	0	0003970001	0	00	20	10	6	0	7	1	1	1	1	1	1	1	11060	1,2,3,4	40	1,2,3,4,5,8,9,10,12,13,14,16	0	0	0	-1	0	0	0	0	0	0	0	0	0	0	0	0	0	0	0	0	0	0	0	0	0	0	0,0	0,0	0,0	0,0	0,0	0,0	0,0	0,0	0,0	0,0	12,12	0,0	0,0	0,0	0,0	0,0	0,0	0,0	0,0	0,0	0,0	0,0	0	0,1000	8000,8000	2	0	0	0	0	0	0	0	0	0	0	0	0	0	0	T40 Sanctum Cap T40 (Family set)	equipment_v2	1
10367	Sanctum Body T40	e0102	10110002	0000060002	0001060002	0002591002	0	0	00	22	10	6	0	7	1	1	1	1	1	1	1	11060	1,2,3,4	40	1,2,3,4,5,8,9,10,12,13,14,16	0	0	2	-1	0	0	0	0	0	0	0	0	0	0	0	0	0	0	0	0	0	0	0	0	0	0	0,0	0,0	0,0	0,0	0,0	0,0	0,0	0,0	0,0	0,0	29,29	0,0	0,0	0,0	0,0	0,0	0,0	0,0	0,0	0,0	0,0	0,0	0	0,1000	8000,8000	2	0	0	0	0	0	0	0	0	0	0	0	0	0	0	T40 Sanctum Body T40 (Family set)	equipment_v2	1
10368	Sanctum Gloves T40	e0277	10110003	0000060003	0001060003	0002591003	0	0	00	23	10	6	0	7	1	1	1	1	1	1	1	11060	1,2,3,4	40	1,2,3,4,5,8,9,10,12,13,14,16	0	0	3	-1	0	0	0	0	0	0	0	0	0	0	0	0	0	0	0	0	0	0	0	0	0	0	0,0	0,0	0,0	0,0	0,0	0,0	0,0	0,0	0,0	0,0	12,12	0,0	0,0	0,0	0,0	0,0	0,0	0,0	0,0	0,0	0,0	0,0	0	0,1000	8000,8000	2	0	0	0	0	0	0	0	0	0	0	0	0	0	0	T40 Sanctum Gloves T40 (Family set)	equipment_v2	1
10369	Sanctum Boots T40	e0452	10110004	0000060004	0001060004	0002591004	0	0	00	24	10	6	0	7	1	1	1	1	1	1	1	11060	1,2,3,4	40	1,2,3,4,5,8,9,10,12,13,14,16	0	0	4	-1	0	0	0	0	0	0	0	0	0	0	0	0	0	0	0	0	0	0	0	0	0	0	0,0	0,0	0,0	0,0	0,0	0,0	0,0	0,0	0,0	0,0	12,12	0,0	0,0	0,0	0,0	0,0	0,0	0,0	0,0	0,0	0,0	0,0	0	0,1000	8000,8000	2	0	0	0	0	0	0	0	0	0	0	0	0	0	0	T40 Sanctum Boots T40 (Family set)	equipment_v2	1
10370	Sanctum Necklace T40	l0004	10130005	0	0	0	0	0	00	25	10	6	0	7	1	1	1	1	1	1	1	11060	1,2,3,4	40	-1	0	0	5	-1	0	0	0	0	0	0	0	0	0	0	0	0	0	0	0	0	0	0	0	0	0	0	0,0	0,0	0,0	0,0	0,0	0,0	0,0	0,0	0,0	0,0	0,0	75,75	0,0	0,0	0,0	0,0	0,0	0,0	0,0	0,0	0,0	0,0	0	0,1000	8000,8000	1	0	0	0	0	0	0	0	0	0	0	0	0	0	0	T40 Sanctum Necklace T40 (Family set)	equipment_v2	1
10371	Sanctum Ring T40	r0015	10130005	0	0	0	0	0	00	26	10	6	0	7	1	1	1	1	1	1	1	11060	1,2,3,4	40	-1	0	0	7,8	-1	0	0	0	0	0	0	0	0	0	0	0	0	0	0	0	0	0	0	0	0	0	0	0,0	0,0	0,0	0,0	0,0	0,0	0,0	0,0	0,0	0,0	0,0	37,37	0,0	0,0	0,0	0,0	0,0	0,0	0,0	0,0	0,0	0,0	0	0,1000	8000,8000	1	0	0	0	0	0	0	0	0	0	0	0	0	0	0	T40 Sanctum Ring T40 (Family set)	equipment_v2	1
10400	Guardian Greatsword T50	w0010	10100002	01020003	02020003	0	0	0	00	2	10	1	0	7	1	1	1	1	1	1	1	13510	1,2,3,4	50	1,8	0	0	9	-1	0	0	0	0	0	0	0	0	0	0	0	0	0	0	0	0	0	0	0	0	0	0	0,0	0,0	0,0	0,0	0,0	0,0	0,0	0,0	227,257	277,313	0,0	0,0	0,0	0,0	0,0	0,0	0,0	0,0	0,0	0,0	0,0	0,0	0	0,1000	10000,10000	3	0	0	0	0	0	0	0	0	0	0	0	0	0	0	T50 Guardian Greatsword T50 (Family set)	equipment_v2	1
10401	Guardian Sword T50	w0004	10100001	01010004	02010004	03010073	0	0	00	1	10	1	0	7	1	1	1	1	1	1	1	13510	1,2,3,4	50	1,9,10	0	0	9,6	-1	0	0	0	0	0	0	0	0	0	0	0	0	0	0	0	0	0	0	0	0	0	0	0,0	0,0	0,0	0,0	0,0	0,0	0,0	0,0	108,122	132,148	0,0	0,0	0,0	0,0	0,0	0,0	0,0	0,0	0,0	0,0	0,0	0,0	1	0,1000	10000,10000	3	0	0	0	0	0	0	0	0	0	0	0	0	0	0	T50 Guardian Sword T50 (Family set)	equipment_v2	1
10402	Guardian Bow T50	w0019	10100003	01030005	0	03030005	0	0	00	3	10	1	0	7	1	1	1	1	1	1	1	13510	1,2,3,4	50	2,11,12	0	0	6	-1	0	0	0	0	0	0	0	0	0	0	0	0	0	0	0	0	0	0	0	0	0	0	0,0	0,0	0,0	0,0	0,0	0,0	0,0	0,0	231,261	282,318	0,0	0,0	0,0	0,0	0,0	0,0	0,0	0,0	0,0	0,0	0,0	0,0	0	0,1000	10000,10000	3	0	0	0	0	0	0	0	0	0	0	0	0	0	0	T50 Guardian Bow T50 (Family set)	equipment_v2	1
10403	Guardian Gun T50	w0024	10100004	01040003	0	03040003	0	0	00	4	10	1	0	7	1	1	1	1	1	1	1	13510	1,2,3,4	50	2,11,12	0	0	9	-1	0	0	0	0	0	0	0	0	0	0	0	0	0	0	0	0	0	0	0	0	0	0	0,0	0,0	0,0	0,0	0,0	0,0	0,0	0,0	231,261	282,318	0,0	0,0	0,0	0,0	0,0	0,0	0,0	0,0	0,0	0,0	0,0	0,0	0	0,1000	10000,10000	3	0	0	0	0	0	0	0	0	0	0	0	0	0	0	T50 Guardian Gun T50 (Family set)	equipment_v2	1
10404	Guardian Staff T50	w0060	10100009	0	0	03090004	04090004	0	00	9	10	1	0	7	1	1	1	1	1	1	1	13510	1,2,3,4	50	5,13,14	0	0	9	-1	0	0	0	0	0	0	0	0	0	0	0	0	0	0	0	0	0	0	0	0	0	0	0,0	0,0	0,0	0,0	0,0	0,0	0,0	0,0	189,213	230,260	0,0	0,0	0,0	0,0	0,0	0,0	0,0	0,0	0,0	0,0	0,0	0,0	0	0,1000	10000,10000	3	0	0	0	0	0	0	0	0	0	0	0	0	0	0	T50 Guardian Staff T50 (Family set)	equipment_v2	1
10405	Guardian Dagger T50	w0046	10100007	01070004	0	03070004	04070004	0	00	7	10	1	0	7	1	1	1	1	1	1	1	13510	1,2,3,4	50	4,16	0	0	9	-1	0	0	0	0	0	0	0	0	0	0	0	0	0	0	0	0	0	0	0	0	0	0	0,0	0,0	0,0	0,0	0,0	0,0	0,0	0,0	189,213	230,260	0,0	0,0	0,0	0,0	0,0	0,0	0,0	0,0	0,0	0,0	0,0	0,0	1	0,1000	10000,10000	3	0	0	0	0	0	0	0	0	0	0	0	0	0	0	T50 Guardian Dagger T50 (Family set)	equipment_v2	1
10406	Guardian Cap T50	e0699	10110001	0	0	0	0003970001	0	00	20	10	1	0	7	1	1	1	1	1	1	1	13510	1,2,3,4	50	1,2,3,4,5,8,9,10,12,13,14,16	0	0	0	-1	0	0	0	0	0	0	0	0	0	0	0	0	0	0	0	0	0	0	0	0	0	0	0,0	0,0	0,0	0,0	0,0	0,0	0,0	0,0	0,0	0,0	14,14	0,0	0,0	0,0	0,0	0,0	0,0	0,0	0,0	0,0	0,0	0,0	0	0,1000	8000,8000	2	0	0	0	0	0	0	0	0	0	0	0	0	0	0	T50 Guardian Cap T50 (Family set)	equipment_v2	1
10407	Guardian Body T50	e0102	10110002	0000060002	0001060002	0002591002	0	0	00	22	10	1	0	7	1	1	1	1	1	1	1	13510	1,2,3,4	50	1,2,3,4,5,8,9,10,12,13,14,16	0	0	2	-1	0	0	0	0	0	0	0	0	0	0	0	0	0	0	0	0	0	0	0	0	0	0	0,0	0,0	0,0	0,0	0,0	0,0	0,0	0,0	0,0	0,0	37,37	0,0	0,0	0,0	0,0	0,0	0,0	0,0	0,0	0,0	0,0	0,0	0	0,1000	8000,8000	2	0	0	0	0	0	0	0	0	0	0	0	0	0	0	T50 Guardian Body T50 (Family set)	equipment_v2	1
10408	Guardian Gloves T50	e0277	10110003	0000060003	0001060003	0002591003	0	0	00	23	10	1	0	7	1	1	1	1	1	1	1	13510	1,2,3,4	50	1,2,3,4,5,8,9,10,12,13,14,16	0	0	3	-1	0	0	0	0	0	0	0	0	0	0	0	0	0	0	0	0	0	0	0	0	0	0	0,0	0,0	0,0	0,0	0,0	0,0	0,0	0,0	0,0	0,0	14,14	0,0	0,0	0,0	0,0	0,0	0,0	0,0	0,0	0,0	0,0	0,0	0	0,1000	8000,8000	2	0	0	0	0	0	0	0	0	0	0	0	0	0	0	T50 Guardian Gloves T50 (Family set)	equipment_v2	1
10409	Guardian Boots T50	e0452	10110004	0000060004	0001060004	0002591004	0	0	00	24	10	1	0	7	1	1	1	1	1	1	1	13510	1,2,3,4	50	1,2,3,4,5,8,9,10,12,13,14,16	0	0	4	-1	0	0	0	0	0	0	0	0	0	0	0	0	0	0	0	0	0	0	0	0	0	0	0,0	0,0	0,0	0,0	0,0	0,0	0,0	0,0	0,0	0,0	14,14	0,0	0,0	0,0	0,0	0,0	0,0	0,0	0,0	0,0	0,0	0,0	0	0,1000	8000,8000	2	0	0	0	0	0	0	0	0	0	0	0	0	0	0	T50 Guardian Boots T50 (Family set)	equipment_v2	1
10410	Guardian Necklace T50	l0004	10130005	0	0	0	0	0	00	25	10	1	0	7	1	1	1	1	1	1	1	13510	1,2,3,4	50	-1	0	0	5	-1	0	0	0	0	0	0	0	0	0	0	0	0	0	0	0	0	0	0	0	0	0	0	0,0	0,0	0,0	0,0	0,0	0,0	0,0	0,0	0,0	0,0	0,0	100,100	0,0	0,0	0,0	0,0	0,0	0,0	0,0	0,0	0,0	0,0	0	0,1000	8000,8000	1	0	0	0	0	0	0	0	0	0	0	0	0	0	0	T50 Guardian Necklace T50 (Family set)	equipment_v2	1
10411	Guardian Ring T50	r0015	10130005	0	0	0	0	0	00	26	10	1	0	7	1	1	1	1	1	1	1	13510	1,2,3,4	50	-1	0	0	7,8	-1	0	0	0	0	0	0	0	0	0	0	0	0	0	0	0	0	0	0	0	0	0	0	0,0	0,0	0,0	0,0	0,0	0,0	0,0	0,0	0,0	0,0	0,0	50,50	0,0	0,0	0,0	0,0	0,0	0,0	0,0	0,0	0,0	0,0	0	0,1000	8000,8000	1	0	0	0	0	0	0	0	0	0	0	0	0	0	0	T50 Guardian Ring T50 (Family set)	equipment_v2	1
10412	Royal Greatsword T50	w0010	10100002	01020003	02020003	0	0	0	00	2	10	2	0	7	1	1	1	1	1	1	1	13520	1,2,3,4	50	1,8	0	0	9	-1	0	0	0	0	0	0	0	0	0	0	0	0	0	0	0	0	0	0	0	0	0	0	0,0	0,0	0,0	0,0	0,0	0,0	0,0	0,0	227,257	277,313	0,0	0,0	0,0	0,0	0,0	0,0	0,0	0,0	0,0	0,0	0,0	0,0	0	0,1000	10000,10000	3	0	0	0	0	0	0	0	0	0	0	0	0	0	0	T50 Royal Greatsword T50 (Family set)	equipment_v2	1
10413	Royal Sword T50	w0004	10100001	01010004	02010004	03010073	0	0	00	1	10	2	0	7	1	1	1	1	1	1	1	13520	1,2,3,4	50	1,9,10	0	0	9,6	-1	0	0	0	0	0	0	0	0	0	0	0	0	0	0	0	0	0	0	0	0	0	0	0,0	0,0	0,0	0,0	0,0	0,0	0,0	0,0	108,122	132,148	0,0	0,0	0,0	0,0	0,0	0,0	0,0	0,0	0,0	0,0	0,0	0,0	1	0,1000	10000,10000	3	0	0	0	0	0	0	0	0	0	0	0	0	0	0	T50 Royal Sword T50 (Family set)	equipment_v2	1
10414	Royal Bow T50	w0019	10100003	01030005	0	03030005	0	0	00	3	10	2	0	7	1	1	1	1	1	1	1	13520	1,2,3,4	50	2,11,12	0	0	6	-1	0	0	0	0	0	0	0	0	0	0	0	0	0	0	0	0	0	0	0	0	0	0	0,0	0,0	0,0	0,0	0,0	0,0	0,0	0,0	231,261	282,318	0,0	0,0	0,0	0,0	0,0	0,0	0,0	0,0	0,0	0,0	0,0	0,0	0	0,1000	10000,10000	3	0	0	0	0	0	0	0	0	0	0	0	0	0	0	T50 Royal Bow T50 (Family set)	equipment_v2	1
10415	Royal Gun T50	w0024	10100004	01040003	0	03040003	0	0	00	4	10	2	0	7	1	1	1	1	1	1	1	13520	1,2,3,4	50	2,11,12	0	0	9	-1	0	0	0	0	0	0	0	0	0	0	0	0	0	0	0	0	0	0	0	0	0	0	0,0	0,0	0,0	0,0	0,0	0,0	0,0	0,0	231,261	282,318	0,0	0,0	0,0	0,0	0,0	0,0	0,0	0,0	0,0	0,0	0,0	0,0	0	0,1000	10000,10000	3	0	0	0	0	0	0	0	0	0	0	0	0	0	0	T50 Royal Gun T50 (Family set)	equipment_v2	1
10416	Royal Staff T50	w0060	10100009	0	0	03090004	04090004	0	00	9	10	2	0	7	1	1	1	1	1	1	1	13520	1,2,3,4	50	5,13,14	0	0	9	-1	0	0	0	0	0	0	0	0	0	0	0	0	0	0	0	0	0	0	0	0	0	0	0,0	0,0	0,0	0,0	0,0	0,0	0,0	0,0	189,213	230,260	0,0	0,0	0,0	0,0	0,0	0,0	0,0	0,0	0,0	0,0	0,0	0,0	0	0,1000	10000,10000	3	0	0	0	0	0	0	0	0	0	0	0	0	0	0	T50 Royal Staff T50 (Family set)	equipment_v2	1
10417	Royal Dagger T50	w0046	10100007	01070004	0	03070004	04070004	0	00	7	10	2	0	7	1	1	1	1	1	1	1	13520	1,2,3,4	50	4,16	0	0	9	-1	0	0	0	0	0	0	0	0	0	0	0	0	0	0	0	0	0	0	0	0	0	0	0,0	0,0	0,0	0,0	0,0	0,0	0,0	0,0	189,213	230,260	0,0	0,0	0,0	0,0	0,0	0,0	0,0	0,0	0,0	0,0	0,0	0,0	1	0,1000	10000,10000	3	0	0	0	0	0	0	0	0	0	0	0	0	0	0	T50 Royal Dagger T50 (Family set)	equipment_v2	1
10418	Royal Cap T50	e0699	10110001	0	0	0	0003970001	0	00	20	10	2	0	7	1	1	1	1	1	1	1	13520	1,2,3,4	50	1,2,3,4,5,8,9,10,12,13,14,16	0	0	0	-1	0	0	0	0	0	0	0	0	0	0	0	0	0	0	0	0	0	0	0	0	0	0	0,0	0,0	0,0	0,0	0,0	0,0	0,0	0,0	0,0	0,0	14,14	0,0	0,0	0,0	0,0	0,0	0,0	0,0	0,0	0,0	0,0	0,0	0	0,1000	8000,8000	2	0	0	0	0	0	0	0	0	0	0	0	0	0	0	T50 Royal Cap T50 (Family set)	equipment_v2	1
10419	Royal Body T50	e0102	10110002	0000060002	0001060002	0002591002	0	0	00	22	10	2	0	7	1	1	1	1	1	1	1	13520	1,2,3,4	50	1,2,3,4,5,8,9,10,12,13,14,16	0	0	2	-1	0	0	0	0	0	0	0	0	0	0	0	0	0	0	0	0	0	0	0	0	0	0	0,0	0,0	0,0	0,0	0,0	0,0	0,0	0,0	0,0	0,0	37,37	0,0	0,0	0,0	0,0	0,0	0,0	0,0	0,0	0,0	0,0	0,0	0	0,1000	8000,8000	2	0	0	0	0	0	0	0	0	0	0	0	0	0	0	T50 Royal Body T50 (Family set)	equipment_v2	1
10420	Royal Gloves T50	e0277	10110003	0000060003	0001060003	0002591003	0	0	00	23	10	2	0	7	1	1	1	1	1	1	1	13520	1,2,3,4	50	1,2,3,4,5,8,9,10,12,13,14,16	0	0	3	-1	0	0	0	0	0	0	0	0	0	0	0	0	0	0	0	0	0	0	0	0	0	0	0,0	0,0	0,0	0,0	0,0	0,0	0,0	0,0	0,0	0,0	14,14	0,0	0,0	0,0	0,0	0,0	0,0	0,0	0,0	0,0	0,0	0,0	0	0,1000	8000,8000	2	0	0	0	0	0	0	0	0	0	0	0	0	0	0	T50 Royal Gloves T50 (Family set)	equipment_v2	1
10421	Royal Boots T50	e0452	10110004	0000060004	0001060004	0002591004	0	0	00	24	10	2	0	7	1	1	1	1	1	1	1	13520	1,2,3,4	50	1,2,3,4,5,8,9,10,12,13,14,16	0	0	4	-1	0	0	0	0	0	0	0	0	0	0	0	0	0	0	0	0	0	0	0	0	0	0	0,0	0,0	0,0	0,0	0,0	0,0	0,0	0,0	0,0	0,0	14,14	0,0	0,0	0,0	0,0	0,0	0,0	0,0	0,0	0,0	0,0	0,0	0	0,1000	8000,8000	2	0	0	0	0	0	0	0	0	0	0	0	0	0	0	T50 Royal Boots T50 (Family set)	equipment_v2	1
10422	Royal Necklace T50	l0004	10130005	0	0	0	0	0	00	25	10	2	0	7	1	1	1	1	1	1	1	13520	1,2,3,4	50	-1	0	0	5	-1	0	0	0	0	0	0	0	0	0	0	0	0	0	0	0	0	0	0	0	0	0	0	0,0	0,0	0,0	0,0	0,0	0,0	0,0	0,0	0,0	0,0	0,0	100,100	0,0	0,0	0,0	0,0	0,0	0,0	0,0	0,0	0,0	0,0	0	0,1000	8000,8000	1	0	0	0	0	0	0	0	0	0	0	0	0	0	0	T50 Royal Necklace T50 (Family set)	equipment_v2	1
10423	Royal Ring T50	r0015	10130005	0	0	0	0	0	00	26	10	2	0	7	1	1	1	1	1	1	1	13520	1,2,3,4	50	-1	0	0	7,8	-1	0	0	0	0	0	0	0	0	0	0	0	0	0	0	0	0	0	0	0	0	0	0	0,0	0,0	0,0	0,0	0,0	0,0	0,0	0,0	0,0	0,0	0,0	50,50	0,0	0,0	0,0	0,0	0,0	0,0	0,0	0,0	0,0	0,0	0	0,1000	8000,8000	1	0	0	0	0	0	0	0	0	0	0	0	0	0	0	T50 Royal Ring T50 (Family set)	equipment_v2	1
10424	Wind Greatsword T50	w0010	10100002	01020003	02020003	0	0	0	00	2	10	3	0	7	1	1	1	1	1	1	1	13530	1,2,3,4	50	1,8	0	0	9	-1	0	0	0	0	0	0	0	0	0	0	0	0	0	0	0	0	0	0	0	0	0	0	0,0	0,0	0,0	0,0	0,0	0,0	0,0	0,0	227,257	277,313	0,0	0,0	0,0	0,0	0,0	0,0	0,0	0,0	0,0	0,0	0,0	0,0	0	0,1000	10000,10000	3	0	0	0	0	0	0	0	0	0	0	0	0	0	0	T50 Wind Greatsword T50 (Family set)	equipment_v2	1
10425	Wind Sword T50	w0004	10100001	01010004	02010004	03010073	0	0	00	1	10	3	0	7	1	1	1	1	1	1	1	13530	1,2,3,4	50	1,9,10	0	0	9,6	-1	0	0	0	0	0	0	0	0	0	0	0	0	0	0	0	0	0	0	0	0	0	0	0,0	0,0	0,0	0,0	0,0	0,0	0,0	0,0	108,122	132,148	0,0	0,0	0,0	0,0	0,0	0,0	0,0	0,0	0,0	0,0	0,0	0,0	1	0,1000	10000,10000	3	0	0	0	0	0	0	0	0	0	0	0	0	0	0	T50 Wind Sword T50 (Family set)	equipment_v2	1
10426	Wind Bow T50	w0019	10100003	01030005	0	03030005	0	0	00	3	10	3	0	7	1	1	1	1	1	1	1	13530	1,2,3,4	50	2,11,12	0	0	6	-1	0	0	0	0	0	0	0	0	0	0	0	0	0	0	0	0	0	0	0	0	0	0	0,0	0,0	0,0	0,0	0,0	0,0	0,0	0,0	231,261	282,318	0,0	0,0	0,0	0,0	0,0	0,0	0,0	0,0	0,0	0,0	0,0	0,0	0	0,1000	10000,10000	3	0	0	0	0	0	0	0	0	0	0	0	0	0	0	T50 Wind Bow T50 (Family set)	equipment_v2	1
10427	Wind Gun T50	w0024	10100004	01040003	0	03040003	0	0	00	4	10	3	0	7	1	1	1	1	1	1	1	13530	1,2,3,4	50	2,11,12	0	0	9	-1	0	0	0	0	0	0	0	0	0	0	0	0	0	0	0	0	0	0	0	0	0	0	0,0	0,0	0,0	0,0	0,0	0,0	0,0	0,0	231,261	282,318	0,0	0,0	0,0	0,0	0,0	0,0	0,0	0,0	0,0	0,0	0,0	0,0	0	0,1000	10000,10000	3	0	0	0	0	0	0	0	0	0	0	0	0	0	0	T50 Wind Gun T50 (Family set)	equipment_v2	1
10428	Wind Staff T50	w0060	10100009	0	0	03090004	04090004	0	00	9	10	3	0	7	1	1	1	1	1	1	1	13530	1,2,3,4	50	5,13,14	0	0	9	-1	0	0	0	0	0	0	0	0	0	0	0	0	0	0	0	0	0	0	0	0	0	0	0,0	0,0	0,0	0,0	0,0	0,0	0,0	0,0	189,213	230,260	0,0	0,0	0,0	0,0	0,0	0,0	0,0	0,0	0,0	0,0	0,0	0,0	0	0,1000	10000,10000	3	0	0	0	0	0	0	0	0	0	0	0	0	0	0	T50 Wind Staff T50 (Family set)	equipment_v2	1
10429	Wind Dagger T50	w0046	10100007	01070004	0	03070004	04070004	0	00	7	10	3	0	7	1	1	1	1	1	1	1	13530	1,2,3,4	50	4,16	0	0	9	-1	0	0	0	0	0	0	0	0	0	0	0	0	0	0	0	0	0	0	0	0	0	0	0,0	0,0	0,0	0,0	0,0	0,0	0,0	0,0	189,213	230,260	0,0	0,0	0,0	0,0	0,0	0,0	0,0	0,0	0,0	0,0	0,0	0,0	1	0,1000	10000,10000	3	0	0	0	0	0	0	0	0	0	0	0	0	0	0	T50 Wind Dagger T50 (Family set)	equipment_v2	1
10430	Wind Cap T50	e0699	10110001	0	0	0	0003970001	0	00	20	10	3	0	7	1	1	1	1	1	1	1	13530	1,2,3,4	50	1,2,3,4,5,8,9,10,12,13,14,16	0	0	0	-1	0	0	0	0	0	0	0	0	0	0	0	0	0	0	0	0	0	0	0	0	0	0	0,0	0,0	0,0	0,0	0,0	0,0	0,0	0,0	0,0	0,0	14,14	0,0	0,0	0,0	0,0	0,0	0,0	0,0	0,0	0,0	0,0	0,0	0	0,1000	8000,8000	2	0	0	0	0	0	0	0	0	0	0	0	0	0	0	T50 Wind Cap T50 (Family set)	equipment_v2	1
10431	Wind Body T50	e0102	10110002	0000060002	0001060002	0002591002	0	0	00	22	10	3	0	7	1	1	1	1	1	1	1	13530	1,2,3,4	50	1,2,3,4,5,8,9,10,12,13,14,16	0	0	2	-1	0	0	0	0	0	0	0	0	0	0	0	0	0	0	0	0	0	0	0	0	0	0	0,0	0,0	0,0	0,0	0,0	0,0	0,0	0,0	0,0	0,0	37,37	0,0	0,0	0,0	0,0	0,0	0,0	0,0	0,0	0,0	0,0	0,0	0	0,1000	8000,8000	2	0	0	0	0	0	0	0	0	0	0	0	0	0	0	T50 Wind Body T50 (Family set)	equipment_v2	1
10432	Wind Gloves T50	e0277	10110003	0000060003	0001060003	0002591003	0	0	00	23	10	3	0	7	1	1	1	1	1	1	1	13530	1,2,3,4	50	1,2,3,4,5,8,9,10,12,13,14,16	0	0	3	-1	0	0	0	0	0	0	0	0	0	0	0	0	0	0	0	0	0	0	0	0	0	0	0,0	0,0	0,0	0,0	0,0	0,0	0,0	0,0	0,0	0,0	14,14	0,0	0,0	0,0	0,0	0,0	0,0	0,0	0,0	0,0	0,0	0,0	0	0,1000	8000,8000	2	0	0	0	0	0	0	0	0	0	0	0	0	0	0	T50 Wind Gloves T50 (Family set)	equipment_v2	1
10433	Wind Boots T50	e0452	10110004	0000060004	0001060004	0002591004	0	0	00	24	10	3	0	7	1	1	1	1	1	1	1	13530	1,2,3,4	50	1,2,3,4,5,8,9,10,12,13,14,16	0	0	4	-1	0	0	0	0	0	0	0	0	0	0	0	0	0	0	0	0	0	0	0	0	0	0	0,0	0,0	0,0	0,0	0,0	0,0	0,0	0,0	0,0	0,0	14,14	0,0	0,0	0,0	0,0	0,0	0,0	0,0	0,0	0,0	0,0	0,0	0	0,1000	8000,8000	2	0	0	0	0	0	0	0	0	0	0	0	0	0	0	T50 Wind Boots T50 (Family set)	equipment_v2	1
10434	Wind Necklace T50	l0004	10130005	0	0	0	0	0	00	25	10	3	0	7	1	1	1	1	1	1	1	13530	1,2,3,4	50	-1	0	0	5	-1	0	0	0	0	0	0	0	0	0	0	0	0	0	0	0	0	0	0	0	0	0	0	0,0	0,0	0,0	0,0	0,0	0,0	0,0	0,0	0,0	0,0	0,0	100,100	0,0	0,0	0,0	0,0	0,0	0,0	0,0	0,0	0,0	0,0	0	0,1000	8000,8000	1	0	0	0	0	0	0	0	0	0	0	0	0	0	0	T50 Wind Necklace T50 (Family set)	equipment_v2	1
10435	Wind Ring T50	r0015	10130005	0	0	0	0	0	00	26	10	3	0	7	1	1	1	1	1	1	1	13530	1,2,3,4	50	-1	0	0	7,8	-1	0	0	0	0	0	0	0	0	0	0	0	0	0	0	0	0	0	0	0	0	0	0	0,0	0,0	0,0	0,0	0,0	0,0	0,0	0,0	0,0	0,0	0,0	50,50	0,0	0,0	0,0	0,0	0,0	0,0	0,0	0,0	0,0	0,0	0	0,1000	8000,8000	1	0	0	0	0	0	0	0	0	0	0	0	0	0	0	T50 Wind Ring T50 (Family set)	equipment_v2	1
10436	Hunter Greatsword T50	w0010	10100002	01020003	02020003	0	0	0	00	2	10	4	0	7	1	1	1	1	1	1	1	13540	1,2,3,4	50	1,8	0	0	9	-1	0	0	0	0	0	0	0	0	0	0	0	0	0	0	0	0	0	0	0	0	0	0	0,0	0,0	0,0	0,0	0,0	0,0	0,0	0,0	227,257	277,313	0,0	0,0	0,0	0,0	0,0	0,0	0,0	0,0	0,0	0,0	0,0	0,0	0	0,1000	10000,10000	3	0	0	0	0	0	0	0	0	0	0	0	0	0	0	T50 Hunter Greatsword T50 (Family set)	equipment_v2	1
10437	Hunter Sword T50	w0004	10100001	01010004	02010004	03010073	0	0	00	1	10	4	0	7	1	1	1	1	1	1	1	13540	1,2,3,4	50	1,9,10	0	0	9,6	-1	0	0	0	0	0	0	0	0	0	0	0	0	0	0	0	0	0	0	0	0	0	0	0,0	0,0	0,0	0,0	0,0	0,0	0,0	0,0	108,122	132,148	0,0	0,0	0,0	0,0	0,0	0,0	0,0	0,0	0,0	0,0	0,0	0,0	1	0,1000	10000,10000	3	0	0	0	0	0	0	0	0	0	0	0	0	0	0	T50 Hunter Sword T50 (Family set)	equipment_v2	1
10438	Hunter Bow T50	w0019	10100003	01030005	0	03030005	0	0	00	3	10	4	0	7	1	1	1	1	1	1	1	13540	1,2,3,4	50	2,11,12	0	0	6	-1	0	0	0	0	0	0	0	0	0	0	0	0	0	0	0	0	0	0	0	0	0	0	0,0	0,0	0,0	0,0	0,0	0,0	0,0	0,0	231,261	282,318	0,0	0,0	0,0	0,0	0,0	0,0	0,0	0,0	0,0	0,0	0,0	0,0	0	0,1000	10000,10000	3	0	0	0	0	0	0	0	0	0	0	0	0	0	0	T50 Hunter Bow T50 (Family set)	equipment_v2	1
10439	Hunter Gun T50	w0024	10100004	01040003	0	03040003	0	0	00	4	10	4	0	7	1	1	1	1	1	1	1	13540	1,2,3,4	50	2,11,12	0	0	9	-1	0	0	0	0	0	0	0	0	0	0	0	0	0	0	0	0	0	0	0	0	0	0	0,0	0,0	0,0	0,0	0,0	0,0	0,0	0,0	231,261	282,318	0,0	0,0	0,0	0,0	0,0	0,0	0,0	0,0	0,0	0,0	0,0	0,0	0	0,1000	10000,10000	3	0	0	0	0	0	0	0	0	0	0	0	0	0	0	T50 Hunter Gun T50 (Family set)	equipment_v2	1
10440	Hunter Staff T50	w0060	10100009	0	0	03090004	04090004	0	00	9	10	4	0	7	1	1	1	1	1	1	1	13540	1,2,3,4	50	5,13,14	0	0	9	-1	0	0	0	0	0	0	0	0	0	0	0	0	0	0	0	0	0	0	0	0	0	0	0,0	0,0	0,0	0,0	0,0	0,0	0,0	0,0	189,213	230,260	0,0	0,0	0,0	0,0	0,0	0,0	0,0	0,0	0,0	0,0	0,0	0,0	0	0,1000	10000,10000	3	0	0	0	0	0	0	0	0	0	0	0	0	0	0	T50 Hunter Staff T50 (Family set)	equipment_v2	1
10441	Hunter Dagger T50	w0046	10100007	01070004	0	03070004	04070004	0	00	7	10	4	0	7	1	1	1	1	1	1	1	13540	1,2,3,4	50	4,16	0	0	9	-1	0	0	0	0	0	0	0	0	0	0	0	0	0	0	0	0	0	0	0	0	0	0	0,0	0,0	0,0	0,0	0,0	0,0	0,0	0,0	189,213	230,260	0,0	0,0	0,0	0,0	0,0	0,0	0,0	0,0	0,0	0,0	0,0	0,0	1	0,1000	10000,10000	3	0	0	0	0	0	0	0	0	0	0	0	0	0	0	T50 Hunter Dagger T50 (Family set)	equipment_v2	1
10442	Hunter Cap T50	e0699	10110001	0	0	0	0003970001	0	00	20	10	4	0	7	1	1	1	1	1	1	1	13540	1,2,3,4	50	1,2,3,4,5,8,9,10,12,13,14,16	0	0	0	-1	0	0	0	0	0	0	0	0	0	0	0	0	0	0	0	0	0	0	0	0	0	0	0,0	0,0	0,0	0,0	0,0	0,0	0,0	0,0	0,0	0,0	14,14	0,0	0,0	0,0	0,0	0,0	0,0	0,0	0,0	0,0	0,0	0,0	0	0,1000	8000,8000	2	0	0	0	0	0	0	0	0	0	0	0	0	0	0	T50 Hunter Cap T50 (Family set)	equipment_v2	1
10443	Hunter Body T50	e0102	10110002	0000060002	0001060002	0002591002	0	0	00	22	10	4	0	7	1	1	1	1	1	1	1	13540	1,2,3,4	50	1,2,3,4,5,8,9,10,12,13,14,16	0	0	2	-1	0	0	0	0	0	0	0	0	0	0	0	0	0	0	0	0	0	0	0	0	0	0	0,0	0,0	0,0	0,0	0,0	0,0	0,0	0,0	0,0	0,0	37,37	0,0	0,0	0,0	0,0	0,0	0,0	0,0	0,0	0,0	0,0	0,0	0	0,1000	8000,8000	2	0	0	0	0	0	0	0	0	0	0	0	0	0	0	T50 Hunter Body T50 (Family set)	equipment_v2	1
10444	Hunter Gloves T50	e0277	10110003	0000060003	0001060003	0002591003	0	0	00	23	10	4	0	7	1	1	1	1	1	1	1	13540	1,2,3,4	50	1,2,3,4,5,8,9,10,12,13,14,16	0	0	3	-1	0	0	0	0	0	0	0	0	0	0	0	0	0	0	0	0	0	0	0	0	0	0	0,0	0,0	0,0	0,0	0,0	0,0	0,0	0,0	0,0	0,0	14,14	0,0	0,0	0,0	0,0	0,0	0,0	0,0	0,0	0,0	0,0	0,0	0	0,1000	8000,8000	2	0	0	0	0	0	0	0	0	0	0	0	0	0	0	T50 Hunter Gloves T50 (Family set)	equipment_v2	1
10445	Hunter Boots T50	e0452	10110004	0000060004	0001060004	0002591004	0	0	00	24	10	4	0	7	1	1	1	1	1	1	1	13540	1,2,3,4	50	1,2,3,4,5,8,9,10,12,13,14,16	0	0	4	-1	0	0	0	0	0	0	0	0	0	0	0	0	0	0	0	0	0	0	0	0	0	0	0,0	0,0	0,0	0,0	0,0	0,0	0,0	0,0	0,0	0,0	14,14	0,0	0,0	0,0	0,0	0,0	0,0	0,0	0,0	0,0	0,0	0,0	0	0,1000	8000,8000	2	0	0	0	0	0	0	0	0	0	0	0	0	0	0	T50 Hunter Boots T50 (Family set)	equipment_v2	1
10446	Hunter Necklace T50	l0004	10130005	0	0	0	0	0	00	25	10	4	0	7	1	1	1	1	1	1	1	13540	1,2,3,4	50	-1	0	0	5	-1	0	0	0	0	0	0	0	0	0	0	0	0	0	0	0	0	0	0	0	0	0	0	0,0	0,0	0,0	0,0	0,0	0,0	0,0	0,0	0,0	0,0	0,0	100,100	0,0	0,0	0,0	0,0	0,0	0,0	0,0	0,0	0,0	0,0	0	0,1000	8000,8000	1	0	0	0	0	0	0	0	0	0	0	0	0	0	0	T50 Hunter Necklace T50 (Family set)	equipment_v2	1
10447	Hunter Ring T50	r0015	10130005	0	0	0	0	0	00	26	10	4	0	7	1	1	1	1	1	1	1	13540	1,2,3,4	50	-1	0	0	7,8	-1	0	0	0	0	0	0	0	0	0	0	0	0	0	0	0	0	0	0	0	0	0	0	0,0	0,0	0,0	0,0	0,0	0,0	0,0	0,0	0,0	0,0	0,0	50,50	0,0	0,0	0,0	0,0	0,0	0,0	0,0	0,0	0,0	0,0	0	0,1000	8000,8000	1	0	0	0	0	0	0	0	0	0	0	0	0	0	0	T50 Hunter Ring T50 (Family set)	equipment_v2	1
10448	Shadow Greatsword T50	w0010	10100002	01020003	02020003	0	0	0	00	2	10	5	0	7	1	1	1	1	1	1	1	13550	1,2,3,4	50	1,8	0	0	9	-1	0	0	0	0	0	0	0	0	0	0	0	0	0	0	0	0	0	0	0	0	0	0	0,0	0,0	0,0	0,0	0,0	0,0	0,0	0,0	227,257	277,313	0,0	0,0	0,0	0,0	0,0	0,0	0,0	0,0	0,0	0,0	0,0	0,0	0	0,1000	10000,10000	3	0	0	0	0	0	0	0	0	0	0	0	0	0	0	T50 Shadow Greatsword T50 (Family set)	equipment_v2	1
10449	Shadow Sword T50	w0004	10100001	01010004	02010004	03010073	0	0	00	1	10	5	0	7	1	1	1	1	1	1	1	13550	1,2,3,4	50	1,9,10	0	0	9,6	-1	0	0	0	0	0	0	0	0	0	0	0	0	0	0	0	0	0	0	0	0	0	0	0,0	0,0	0,0	0,0	0,0	0,0	0,0	0,0	108,122	132,148	0,0	0,0	0,0	0,0	0,0	0,0	0,0	0,0	0,0	0,0	0,0	0,0	1	0,1000	10000,10000	3	0	0	0	0	0	0	0	0	0	0	0	0	0	0	T50 Shadow Sword T50 (Family set)	equipment_v2	1
10450	Shadow Bow T50	w0019	10100003	01030005	0	03030005	0	0	00	3	10	5	0	7	1	1	1	1	1	1	1	13550	1,2,3,4	50	2,11,12	0	0	6	-1	0	0	0	0	0	0	0	0	0	0	0	0	0	0	0	0	0	0	0	0	0	0	0,0	0,0	0,0	0,0	0,0	0,0	0,0	0,0	231,261	282,318	0,0	0,0	0,0	0,0	0,0	0,0	0,0	0,0	0,0	0,0	0,0	0,0	0	0,1000	10000,10000	3	0	0	0	0	0	0	0	0	0	0	0	0	0	0	T50 Shadow Bow T50 (Family set)	equipment_v2	1
10451	Shadow Gun T50	w0024	10100004	01040003	0	03040003	0	0	00	4	10	5	0	7	1	1	1	1	1	1	1	13550	1,2,3,4	50	2,11,12	0	0	9	-1	0	0	0	0	0	0	0	0	0	0	0	0	0	0	0	0	0	0	0	0	0	0	0,0	0,0	0,0	0,0	0,0	0,0	0,0	0,0	231,261	282,318	0,0	0,0	0,0	0,0	0,0	0,0	0,0	0,0	0,0	0,0	0,0	0,0	0	0,1000	10000,10000	3	0	0	0	0	0	0	0	0	0	0	0	0	0	0	T50 Shadow Gun T50 (Family set)	equipment_v2	1
10452	Shadow Staff T50	w0060	10100009	0	0	03090004	04090004	0	00	9	10	5	0	7	1	1	1	1	1	1	1	13550	1,2,3,4	50	5,13,14	0	0	9	-1	0	0	0	0	0	0	0	0	0	0	0	0	0	0	0	0	0	0	0	0	0	0	0,0	0,0	0,0	0,0	0,0	0,0	0,0	0,0	189,213	230,260	0,0	0,0	0,0	0,0	0,0	0,0	0,0	0,0	0,0	0,0	0,0	0,0	0	0,1000	10000,10000	3	0	0	0	0	0	0	0	0	0	0	0	0	0	0	T50 Shadow Staff T50 (Family set)	equipment_v2	1
10453	Shadow Dagger T50	w0046	10100007	01070004	0	03070004	04070004	0	00	7	10	5	0	7	1	1	1	1	1	1	1	13550	1,2,3,4	50	4,16	0	0	9	-1	0	0	0	0	0	0	0	0	0	0	0	0	0	0	0	0	0	0	0	0	0	0	0,0	0,0	0,0	0,0	0,0	0,0	0,0	0,0	189,213	230,260	0,0	0,0	0,0	0,0	0,0	0,0	0,0	0,0	0,0	0,0	0,0	0,0	1	0,1000	10000,10000	3	0	0	0	0	0	0	0	0	0	0	0	0	0	0	T50 Shadow Dagger T50 (Family set)	equipment_v2	1
10454	Shadow Cap T50	e0699	10110001	0	0	0	0003970001	0	00	20	10	5	0	7	1	1	1	1	1	1	1	13550	1,2,3,4	50	1,2,3,4,5,8,9,10,12,13,14,16	0	0	0	-1	0	0	0	0	0	0	0	0	0	0	0	0	0	0	0	0	0	0	0	0	0	0	0,0	0,0	0,0	0,0	0,0	0,0	0,0	0,0	0,0	0,0	14,14	0,0	0,0	0,0	0,0	0,0	0,0	0,0	0,0	0,0	0,0	0,0	0	0,1000	8000,8000	2	0	0	0	0	0	0	0	0	0	0	0	0	0	0	T50 Shadow Cap T50 (Family set)	equipment_v2	1
10455	Shadow Body T50	e0102	10110002	0000060002	0001060002	0002591002	0	0	00	22	10	5	0	7	1	1	1	1	1	1	1	13550	1,2,3,4	50	1,2,3,4,5,8,9,10,12,13,14,16	0	0	2	-1	0	0	0	0	0	0	0	0	0	0	0	0	0	0	0	0	0	0	0	0	0	0	0,0	0,0	0,0	0,0	0,0	0,0	0,0	0,0	0,0	0,0	37,37	0,0	0,0	0,0	0,0	0,0	0,0	0,0	0,0	0,0	0,0	0,0	0	0,1000	8000,8000	2	0	0	0	0	0	0	0	0	0	0	0	0	0	0	T50 Shadow Body T50 (Family set)	equipment_v2	1
10456	Shadow Gloves T50	e0277	10110003	0000060003	0001060003	0002591003	0	0	00	23	10	5	0	7	1	1	1	1	1	1	1	13550	1,2,3,4	50	1,2,3,4,5,8,9,10,12,13,14,16	0	0	3	-1	0	0	0	0	0	0	0	0	0	0	0	0	0	0	0	0	0	0	0	0	0	0	0,0	0,0	0,0	0,0	0,0	0,0	0,0	0,0	0,0	0,0	14,14	0,0	0,0	0,0	0,0	0,0	0,0	0,0	0,0	0,0	0,0	0,0	0	0,1000	8000,8000	2	0	0	0	0	0	0	0	0	0	0	0	0	0	0	T50 Shadow Gloves T50 (Family set)	equipment_v2	1
10457	Shadow Boots T50	e0452	10110004	0000060004	0001060004	0002591004	0	0	00	24	10	5	0	7	1	1	1	1	1	1	1	13550	1,2,3,4	50	1,2,3,4,5,8,9,10,12,13,14,16	0	0	4	-1	0	0	0	0	0	0	0	0	0	0	0	0	0	0	0	0	0	0	0	0	0	0	0,0	0,0	0,0	0,0	0,0	0,0	0,0	0,0	0,0	0,0	14,14	0,0	0,0	0,0	0,0	0,0	0,0	0,0	0,0	0,0	0,0	0,0	0	0,1000	8000,8000	2	0	0	0	0	0	0	0	0	0	0	0	0	0	0	T50 Shadow Boots T50 (Family set)	equipment_v2	1
10458	Shadow Necklace T50	l0004	10130005	0	0	0	0	0	00	25	10	5	0	7	1	1	1	1	1	1	1	13550	1,2,3,4	50	-1	0	0	5	-1	0	0	0	0	0	0	0	0	0	0	0	0	0	0	0	0	0	0	0	0	0	0	0,0	0,0	0,0	0,0	0,0	0,0	0,0	0,0	0,0	0,0	0,0	100,100	0,0	0,0	0,0	0,0	0,0	0,0	0,0	0,0	0,0	0,0	0	0,1000	8000,8000	1	0	0	0	0	0	0	0	0	0	0	0	0	0	0	T50 Shadow Necklace T50 (Family set)	equipment_v2	1
10459	Shadow Ring T50	r0015	10130005	0	0	0	0	0	00	26	10	5	0	7	1	1	1	1	1	1	1	13550	1,2,3,4	50	-1	0	0	7,8	-1	0	0	0	0	0	0	0	0	0	0	0	0	0	0	0	0	0	0	0	0	0	0	0,0	0,0	0,0	0,0	0,0	0,0	0,0	0,0	0,0	0,0	0,0	50,50	0,0	0,0	0,0	0,0	0,0	0,0	0,0	0,0	0,0	0,0	0	0,1000	8000,8000	1	0	0	0	0	0	0	0	0	0	0	0	0	0	0	T50 Shadow Ring T50 (Family set)	equipment_v2	1
10460	Sanctum Greatsword T50	w0010	10100002	01020003	02020003	0	0	0	00	2	10	6	0	7	1	1	1	1	1	1	1	13560	1,2,3,4	50	1,8	0	0	9	-1	0	0	0	0	0	0	0	0	0	0	0	0	0	0	0	0	0	0	0	0	0	0	0,0	0,0	0,0	0,0	0,0	0,0	0,0	0,0	227,257	277,313	0,0	0,0	0,0	0,0	0,0	0,0	0,0	0,0	0,0	0,0	0,0	0,0	0	0,1000	10000,10000	3	0	0	0	0	0	0	0	0	0	0	0	0	0	0	T50 Sanctum Greatsword T50 (Family set)	equipment_v2	1
10461	Sanctum Sword T50	w0004	10100001	01010004	02010004	03010073	0	0	00	1	10	6	0	7	1	1	1	1	1	1	1	13560	1,2,3,4	50	1,9,10	0	0	9,6	-1	0	0	0	0	0	0	0	0	0	0	0	0	0	0	0	0	0	0	0	0	0	0	0,0	0,0	0,0	0,0	0,0	0,0	0,0	0,0	108,122	132,148	0,0	0,0	0,0	0,0	0,0	0,0	0,0	0,0	0,0	0,0	0,0	0,0	1	0,1000	10000,10000	3	0	0	0	0	0	0	0	0	0	0	0	0	0	0	T50 Sanctum Sword T50 (Family set)	equipment_v2	1
10462	Sanctum Bow T50	w0019	10100003	01030005	0	03030005	0	0	00	3	10	6	0	7	1	1	1	1	1	1	1	13560	1,2,3,4	50	2,11,12	0	0	6	-1	0	0	0	0	0	0	0	0	0	0	0	0	0	0	0	0	0	0	0	0	0	0	0,0	0,0	0,0	0,0	0,0	0,0	0,0	0,0	231,261	282,318	0,0	0,0	0,0	0,0	0,0	0,0	0,0	0,0	0,0	0,0	0,0	0,0	0	0,1000	10000,10000	3	0	0	0	0	0	0	0	0	0	0	0	0	0	0	T50 Sanctum Bow T50 (Family set)	equipment_v2	1
10463	Sanctum Gun T50	w0024	10100004	01040003	0	03040003	0	0	00	4	10	6	0	7	1	1	1	1	1	1	1	13560	1,2,3,4	50	2,11,12	0	0	9	-1	0	0	0	0	0	0	0	0	0	0	0	0	0	0	0	0	0	0	0	0	0	0	0,0	0,0	0,0	0,0	0,0	0,0	0,0	0,0	231,261	282,318	0,0	0,0	0,0	0,0	0,0	0,0	0,0	0,0	0,0	0,0	0,0	0,0	0	0,1000	10000,10000	3	0	0	0	0	0	0	0	0	0	0	0	0	0	0	T50 Sanctum Gun T50 (Family set)	equipment_v2	1
10464	Sanctum Staff T50	w0060	10100009	0	0	03090004	04090004	0	00	9	10	6	0	7	1	1	1	1	1	1	1	13560	1,2,3,4	50	5,13,14	0	0	9	-1	0	0	0	0	0	0	0	0	0	0	0	0	0	0	0	0	0	0	0	0	0	0	0,0	0,0	0,0	0,0	0,0	0,0	0,0	0,0	189,213	230,260	0,0	0,0	0,0	0,0	0,0	0,0	0,0	0,0	0,0	0,0	0,0	0,0	0	0,1000	10000,10000	3	0	0	0	0	0	0	0	0	0	0	0	0	0	0	T50 Sanctum Staff T50 (Family set)	equipment_v2	1
10465	Sanctum Dagger T50	w0046	10100007	01070004	0	03070004	04070004	0	00	7	10	6	0	7	1	1	1	1	1	1	1	13560	1,2,3,4	50	4,16	0	0	9	-1	0	0	0	0	0	0	0	0	0	0	0	0	0	0	0	0	0	0	0	0	0	0	0,0	0,0	0,0	0,0	0,0	0,0	0,0	0,0	189,213	230,260	0,0	0,0	0,0	0,0	0,0	0,0	0,0	0,0	0,0	0,0	0,0	0,0	1	0,1000	10000,10000	3	0	0	0	0	0	0	0	0	0	0	0	0	0	0	T50 Sanctum Dagger T50 (Family set)	equipment_v2	1
10466	Sanctum Cap T50	e0699	10110001	0	0	0	0003970001	0	00	20	10	6	0	7	1	1	1	1	1	1	1	13560	1,2,3,4	50	1,2,3,4,5,8,9,10,12,13,14,16	0	0	0	-1	0	0	0	0	0	0	0	0	0	0	0	0	0	0	0	0	0	0	0	0	0	0	0,0	0,0	0,0	0,0	0,0	0,0	0,0	0,0	0,0	0,0	14,14	0,0	0,0	0,0	0,0	0,0	0,0	0,0	0,0	0,0	0,0	0,0	0	0,1000	8000,8000	2	0	0	0	0	0	0	0	0	0	0	0	0	0	0	T50 Sanctum Cap T50 (Family set)	equipment_v2	1
10467	Sanctum Body T50	e0102	10110002	0000060002	0001060002	0002591002	0	0	00	22	10	6	0	7	1	1	1	1	1	1	1	13560	1,2,3,4	50	1,2,3,4,5,8,9,10,12,13,14,16	0	0	2	-1	0	0	0	0	0	0	0	0	0	0	0	0	0	0	0	0	0	0	0	0	0	0	0,0	0,0	0,0	0,0	0,0	0,0	0,0	0,0	0,0	0,0	37,37	0,0	0,0	0,0	0,0	0,0	0,0	0,0	0,0	0,0	0,0	0,0	0	0,1000	8000,8000	2	0	0	0	0	0	0	0	0	0	0	0	0	0	0	T50 Sanctum Body T50 (Family set)	equipment_v2	1
10468	Sanctum Gloves T50	e0277	10110003	0000060003	0001060003	0002591003	0	0	00	23	10	6	0	7	1	1	1	1	1	1	1	13560	1,2,3,4	50	1,2,3,4,5,8,9,10,12,13,14,16	0	0	3	-1	0	0	0	0	0	0	0	0	0	0	0	0	0	0	0	0	0	0	0	0	0	0	0,0	0,0	0,0	0,0	0,0	0,0	0,0	0,0	0,0	0,0	14,14	0,0	0,0	0,0	0,0	0,0	0,0	0,0	0,0	0,0	0,0	0,0	0	0,1000	8000,8000	2	0	0	0	0	0	0	0	0	0	0	0	0	0	0	T50 Sanctum Gloves T50 (Family set)	equipment_v2	1
10469	Sanctum Boots T50	e0452	10110004	0000060004	0001060004	0002591004	0	0	00	24	10	6	0	7	1	1	1	1	1	1	1	13560	1,2,3,4	50	1,2,3,4,5,8,9,10,12,13,14,16	0	0	4	-1	0	0	0	0	0	0	0	0	0	0	0	0	0	0	0	0	0	0	0	0	0	0	0,0	0,0	0,0	0,0	0,0	0,0	0,0	0,0	0,0	0,0	14,14	0,0	0,0	0,0	0,0	0,0	0,0	0,0	0,0	0,0	0,0	0,0	0	0,1000	8000,8000	2	0	0	0	0	0	0	0	0	0	0	0	0	0	0	T50 Sanctum Boots T50 (Family set)	equipment_v2	1
10470	Sanctum Necklace T50	l0004	10130005	0	0	0	0	0	00	25	10	6	0	7	1	1	1	1	1	1	1	13560	1,2,3,4	50	-1	0	0	5	-1	0	0	0	0	0	0	0	0	0	0	0	0	0	0	0	0	0	0	0	0	0	0	0,0	0,0	0,0	0,0	0,0	0,0	0,0	0,0	0,0	0,0	0,0	100,100	0,0	0,0	0,0	0,0	0,0	0,0	0,0	0,0	0,0	0,0	0	0,1000	8000,8000	1	0	0	0	0	0	0	0	0	0	0	0	0	0	0	T50 Sanctum Necklace T50 (Family set)	equipment_v2	1
10471	Sanctum Ring T50	r0015	10130005	0	0	0	0	0	00	26	10	6	0	7	1	1	1	1	1	1	1	13560	1,2,3,4	50	-1	0	0	7,8	-1	0	0	0	0	0	0	0	0	0	0	0	0	0	0	0	0	0	0	0	0	0	0	0,0	0,0	0,0	0,0	0,0	0,0	0,0	0,0	0,0	0,0	0,0	50,50	0,0	0,0	0,0	0,0	0,0	0,0	0,0	0,0	0,0	0,0	0	0,1000	8000,8000	1	0	0	0	0	0	0	0	0	0	0	0	0	0	0	T50 Sanctum Ring T50 (Family set)	equipment_v2	1
10500	Guardian Greatsword T60	w0010	10100002	01020003	02020003	0	0	0	00	2	10	1	0	7	1	1	1	1	1	1	1	16010	1,2,3,4	60	1,8	0	0	9	-1	0	0	0	0	0	0	0	0	0	0	0	0	0	0	0	0	0	0	0	0	0	0	0,0	0,0	0,0	0,0	0,0	0,0	0,0	0,0	262,296	320,360	0,0	0,0	0,0	0,0	0,0	0,0	0,0	0,0	0,0	0,0	0,0	0,0	0	0,1000	10000,10000	3	0	0	0	0	0	0	0	0	0	0	0	0	0	0	T60 Guardian Greatsword T60 (Family set)	equipment_v2	1
10501	Guardian Sword T60	w0004	10100001	01010004	02010004	03010073	0	0	00	1	10	1	0	7	1	1	1	1	1	1	1	16010	1,2,3,4	60	1,9,10	0	0	9,6	-1	0	0	0	0	0	0	0	0	0	0	0	0	0	0	0	0	0	0	0	0	0	0	0,0	0,0	0,0	0,0	0,0	0,0	0,0	0,0	119,135	146,164	0,0	0,0	0,0	0,0	0,0	0,0	0,0	0,0	0,0	0,0	0,0	0,0	1	0,1000	10000,10000	3	0	0	0	0	0	0	0	0	0	0	0	0	0	0	T60 Guardian Sword T60 (Family set)	equipment_v2	1
10502	Guardian Bow T60	w0019	10100003	01030005	0	03030005	0	0	00	3	10	1	0	7	1	1	1	1	1	1	1	16010	1,2,3,4	60	2,11,12	0	0	6	-1	0	0	0	0	0	0	0	0	0	0	0	0	0	0	0	0	0	0	0	0	0	0	0,0	0,0	0,0	0,0	0,0	0,0	0,0	0,0	262,296	320,360	0,0	0,0	0,0	0,0	0,0	0,0	0,0	0,0	0,0	0,0	0,0	0,0	0	0,1000	10000,10000	3	0	0	0	0	0	0	0	0	0	0	0	0	0	0	T60 Guardian Bow T60 (Family set)	equipment_v2	1
10503	Guardian Gun T60	w0024	10100004	01040003	0	03040003	0	0	00	4	10	1	0	7	1	1	1	1	1	1	1	16010	1,2,3,4	60	2,11,12	0	0	9	-1	0	0	0	0	0	0	0	0	0	0	0	0	0	0	0	0	0	0	0	0	0	0	0,0	0,0	0,0	0,0	0,0	0,0	0,0	0,0	262,296	320,360	0,0	0,0	0,0	0,0	0,0	0,0	0,0	0,0	0,0	0,0	0,0	0,0	0	0,1000	10000,10000	3	0	0	0	0	0	0	0	0	0	0	0	0	0	0	T60 Guardian Gun T60 (Family set)	equipment_v2	1
10504	Guardian Staff T60	w0060	10100009	0	0	03090004	04090004	0	00	9	10	1	0	7	1	1	1	1	1	1	1	16010	1,2,3,4	60	5,13,14	0	0	9	-1	0	0	0	0	0	0	0	0	0	0	0	0	0	0	0	0	0	0	0	0	0	0	0,0	0,0	0,0	0,0	0,0	0,0	0,0	0,0	216,244	263,297	0,0	0,0	0,0	0,0	0,0	0,0	0,0	0,0	0,0	0,0	0,0	0,0	0	0,1000	10000,10000	3	0	0	0	0	0	0	0	0	0	0	0	0	0	0	T60 Guardian Staff T60 (Family set)	equipment_v2	1
10505	Guardian Dagger T60	w0046	10100007	01070004	0	03070004	04070004	0	00	7	10	1	0	7	1	1	1	1	1	1	1	16010	1,2,3,4	60	4,16	0	0	9	-1	0	0	0	0	0	0	0	0	0	0	0	0	0	0	0	0	0	0	0	0	0	0	0,0	0,0	0,0	0,0	0,0	0,0	0,0	0,0	216,244	263,297	0,0	0,0	0,0	0,0	0,0	0,0	0,0	0,0	0,0	0,0	0,0	0,0	1	0,1000	10000,10000	3	0	0	0	0	0	0	0	0	0	0	0	0	0	0	T60 Guardian Dagger T60 (Family set)	equipment_v2	1
10506	Guardian Cap T60	e0699	10110001	0	0	0	0003970001	0	00	20	10	1	0	7	1	1	1	1	1	1	1	16010	1,2,3,4	60	1,2,3,4,5,8,9,10,12,13,14,16	0	0	0	-1	0	0	0	0	0	0	0	0	0	0	0	0	0	0	0	0	0	0	0	0	0	0	0,0	0,0	0,0	0,0	0,0	0,0	0,0	0,0	0,0	0,0	16,16	0,0	0,0	0,0	0,0	0,0	0,0	0,0	0,0	0,0	0,0	0,0	0	0,1000	8000,8000	2	0	0	0	0	0	0	0	0	0	0	0	0	0	0	T60 Guardian Cap T60 (Family set)	equipment_v2	1
10507	Guardian Body T60	e0102	10110002	0000060002	0001060002	0002591002	0	0	00	22	10	1	0	7	1	1	1	1	1	1	1	16010	1,2,3,4	60	1,2,3,4,5,8,9,10,12,13,14,16	0	0	2	-1	0	0	0	0	0	0	0	0	0	0	0	0	0	0	0	0	0	0	0	0	0	0	0,0	0,0	0,0	0,0	0,0	0,0	0,0	0,0	0,0	0,0	41,41	0,0	0,0	0,0	0,0	0,0	0,0	0,0	0,0	0,0	0,0	0,0	0	0,1000	8000,8000	2	0	0	0	0	0	0	0	0	0	0	0	0	0	0	T60 Guardian Body T60 (Family set)	equipment_v2	1
10508	Guardian Gloves T60	e0277	10110003	0000060003	0001060003	0002591003	0	0	00	23	10	1	0	7	1	1	1	1	1	1	1	16010	1,2,3,4	60	1,2,3,4,5,8,9,10,12,13,14,16	0	0	3	-1	0	0	0	0	0	0	0	0	0	0	0	0	0	0	0	0	0	0	0	0	0	0	0,0	0,0	0,0	0,0	0,0	0,0	0,0	0,0	0,0	0,0	16,16	0,0	0,0	0,0	0,0	0,0	0,0	0,0	0,0	0,0	0,0	0,0	0	0,1000	8000,8000	2	0	0	0	0	0	0	0	0	0	0	0	0	0	0	T60 Guardian Gloves T60 (Family set)	equipment_v2	1
10509	Guardian Boots T60	e0452	10110004	0000060004	0001060004	0002591004	0	0	00	24	10	1	0	7	1	1	1	1	1	1	1	16010	1,2,3,4	60	1,2,3,4,5,8,9,10,12,13,14,16	0	0	4	-1	0	0	0	0	0	0	0	0	0	0	0	0	0	0	0	0	0	0	0	0	0	0	0,0	0,0	0,0	0,0	0,0	0,0	0,0	0,0	0,0	0,0	16,16	0,0	0,0	0,0	0,0	0,0	0,0	0,0	0,0	0,0	0,0	0,0	0	0,1000	8000,8000	2	0	0	0	0	0	0	0	0	0	0	0	0	0	0	T60 Guardian Boots T60 (Family set)	equipment_v2	1
10510	Guardian Necklace T60	l0004	10130005	0	0	0	0	0	00	25	10	1	0	7	1	1	1	1	1	1	1	16010	1,2,3,4	60	-1	0	0	5	-1	0	0	0	0	0	0	0	0	0	0	0	0	0	0	0	0	0	0	0	0	0	0	0,0	0,0	0,0	0,0	0,0	0,0	0,0	0,0	0,0	0,0	0,0	125,125	0,0	0,0	0,0	0,0	0,0	0,0	0,0	0,0	0,0	0,0	0	0,1000	8000,8000	1	0	0	0	0	0	0	0	0	0	0	0	0	0	0	T60 Guardian Necklace T60 (Family set)	equipment_v2	1
10511	Guardian Ring T60	r0015	10130005	0	0	0	0	0	00	26	10	1	0	7	1	1	1	1	1	1	1	16010	1,2,3,4	60	-1	0	0	7,8	-1	0	0	0	0	0	0	0	0	0	0	0	0	0	0	0	0	0	0	0	0	0	0	0,0	0,0	0,0	0,0	0,0	0,0	0,0	0,0	0,0	0,0	0,0	62,62	0,0	0,0	0,0	0,0	0,0	0,0	0,0	0,0	0,0	0,0	0	0,1000	8000,8000	1	0	0	0	0	0	0	0	0	0	0	0	0	0	0	T60 Guardian Ring T60 (Family set)	equipment_v2	1
10512	Royal Greatsword T60	w0010	10100002	01020003	02020003	0	0	0	00	2	10	2	0	7	1	1	1	1	1	1	1	16020	1,2,3,4	60	1,8	0	0	9	-1	0	0	0	0	0	0	0	0	0	0	0	0	0	0	0	0	0	0	0	0	0	0	0,0	0,0	0,0	0,0	0,0	0,0	0,0	0,0	262,296	320,360	0,0	0,0	0,0	0,0	0,0	0,0	0,0	0,0	0,0	0,0	0,0	0,0	0	0,1000	10000,10000	3	0	0	0	0	0	0	0	0	0	0	0	0	0	0	T60 Royal Greatsword T60 (Family set)	equipment_v2	1
10513	Royal Sword T60	w0004	10100001	01010004	02010004	03010073	0	0	00	1	10	2	0	7	1	1	1	1	1	1	1	16020	1,2,3,4	60	1,9,10	0	0	9,6	-1	0	0	0	0	0	0	0	0	0	0	0	0	0	0	0	0	0	0	0	0	0	0	0,0	0,0	0,0	0,0	0,0	0,0	0,0	0,0	119,135	146,164	0,0	0,0	0,0	0,0	0,0	0,0	0,0	0,0	0,0	0,0	0,0	0,0	1	0,1000	10000,10000	3	0	0	0	0	0	0	0	0	0	0	0	0	0	0	T60 Royal Sword T60 (Family set)	equipment_v2	1
10514	Royal Bow T60	w0019	10100003	01030005	0	03030005	0	0	00	3	10	2	0	7	1	1	1	1	1	1	1	16020	1,2,3,4	60	2,11,12	0	0	6	-1	0	0	0	0	0	0	0	0	0	0	0	0	0	0	0	0	0	0	0	0	0	0	0,0	0,0	0,0	0,0	0,0	0,0	0,0	0,0	262,296	320,360	0,0	0,0	0,0	0,0	0,0	0,0	0,0	0,0	0,0	0,0	0,0	0,0	0	0,1000	10000,10000	3	0	0	0	0	0	0	0	0	0	0	0	0	0	0	T60 Royal Bow T60 (Family set)	equipment_v2	1
10515	Royal Gun T60	w0024	10100004	01040003	0	03040003	0	0	00	4	10	2	0	7	1	1	1	1	1	1	1	16020	1,2,3,4	60	2,11,12	0	0	9	-1	0	0	0	0	0	0	0	0	0	0	0	0	0	0	0	0	0	0	0	0	0	0	0,0	0,0	0,0	0,0	0,0	0,0	0,0	0,0	262,296	320,360	0,0	0,0	0,0	0,0	0,0	0,0	0,0	0,0	0,0	0,0	0,0	0,0	0	0,1000	10000,10000	3	0	0	0	0	0	0	0	0	0	0	0	0	0	0	T60 Royal Gun T60 (Family set)	equipment_v2	1
10516	Royal Staff T60	w0060	10100009	0	0	03090004	04090004	0	00	9	10	2	0	7	1	1	1	1	1	1	1	16020	1,2,3,4	60	5,13,14	0	0	9	-1	0	0	0	0	0	0	0	0	0	0	0	0	0	0	0	0	0	0	0	0	0	0	0,0	0,0	0,0	0,0	0,0	0,0	0,0	0,0	216,244	263,297	0,0	0,0	0,0	0,0	0,0	0,0	0,0	0,0	0,0	0,0	0,0	0,0	0	0,1000	10000,10000	3	0	0	0	0	0	0	0	0	0	0	0	0	0	0	T60 Royal Staff T60 (Family set)	equipment_v2	1
10517	Royal Dagger T60	w0046	10100007	01070004	0	03070004	04070004	0	00	7	10	2	0	7	1	1	1	1	1	1	1	16020	1,2,3,4	60	4,16	0	0	9	-1	0	0	0	0	0	0	0	0	0	0	0	0	0	0	0	0	0	0	0	0	0	0	0,0	0,0	0,0	0,0	0,0	0,0	0,0	0,0	216,244	263,297	0,0	0,0	0,0	0,0	0,0	0,0	0,0	0,0	0,0	0,0	0,0	0,0	1	0,1000	10000,10000	3	0	0	0	0	0	0	0	0	0	0	0	0	0	0	T60 Royal Dagger T60 (Family set)	equipment_v2	1
10518	Royal Cap T60	e0699	10110001	0	0	0	0003970001	0	00	20	10	2	0	7	1	1	1	1	1	1	1	16020	1,2,3,4	60	1,2,3,4,5,8,9,10,12,13,14,16	0	0	0	-1	0	0	0	0	0	0	0	0	0	0	0	0	0	0	0	0	0	0	0	0	0	0	0,0	0,0	0,0	0,0	0,0	0,0	0,0	0,0	0,0	0,0	16,16	0,0	0,0	0,0	0,0	0,0	0,0	0,0	0,0	0,0	0,0	0,0	0	0,1000	8000,8000	2	0	0	0	0	0	0	0	0	0	0	0	0	0	0	T60 Royal Cap T60 (Family set)	equipment_v2	1
10519	Royal Body T60	e0102	10110002	0000060002	0001060002	0002591002	0	0	00	22	10	2	0	7	1	1	1	1	1	1	1	16020	1,2,3,4	60	1,2,3,4,5,8,9,10,12,13,14,16	0	0	2	-1	0	0	0	0	0	0	0	0	0	0	0	0	0	0	0	0	0	0	0	0	0	0	0,0	0,0	0,0	0,0	0,0	0,0	0,0	0,0	0,0	0,0	41,41	0,0	0,0	0,0	0,0	0,0	0,0	0,0	0,0	0,0	0,0	0,0	0	0,1000	8000,8000	2	0	0	0	0	0	0	0	0	0	0	0	0	0	0	T60 Royal Body T60 (Family set)	equipment_v2	1
10520	Royal Gloves T60	e0277	10110003	0000060003	0001060003	0002591003	0	0	00	23	10	2	0	7	1	1	1	1	1	1	1	16020	1,2,3,4	60	1,2,3,4,5,8,9,10,12,13,14,16	0	0	3	-1	0	0	0	0	0	0	0	0	0	0	0	0	0	0	0	0	0	0	0	0	0	0	0,0	0,0	0,0	0,0	0,0	0,0	0,0	0,0	0,0	0,0	16,16	0,0	0,0	0,0	0,0	0,0	0,0	0,0	0,0	0,0	0,0	0,0	0	0,1000	8000,8000	2	0	0	0	0	0	0	0	0	0	0	0	0	0	0	T60 Royal Gloves T60 (Family set)	equipment_v2	1
10521	Royal Boots T60	e0452	10110004	0000060004	0001060004	0002591004	0	0	00	24	10	2	0	7	1	1	1	1	1	1	1	16020	1,2,3,4	60	1,2,3,4,5,8,9,10,12,13,14,16	0	0	4	-1	0	0	0	0	0	0	0	0	0	0	0	0	0	0	0	0	0	0	0	0	0	0	0,0	0,0	0,0	0,0	0,0	0,0	0,0	0,0	0,0	0,0	16,16	0,0	0,0	0,0	0,0	0,0	0,0	0,0	0,0	0,0	0,0	0,0	0	0,1000	8000,8000	2	0	0	0	0	0	0	0	0	0	0	0	0	0	0	T60 Royal Boots T60 (Family set)	equipment_v2	1
10522	Royal Necklace T60	l0004	10130005	0	0	0	0	0	00	25	10	2	0	7	1	1	1	1	1	1	1	16020	1,2,3,4	60	-1	0	0	5	-1	0	0	0	0	0	0	0	0	0	0	0	0	0	0	0	0	0	0	0	0	0	0	0,0	0,0	0,0	0,0	0,0	0,0	0,0	0,0	0,0	0,0	0,0	125,125	0,0	0,0	0,0	0,0	0,0	0,0	0,0	0,0	0,0	0,0	0	0,1000	8000,8000	1	0	0	0	0	0	0	0	0	0	0	0	0	0	0	T60 Royal Necklace T60 (Family set)	equipment_v2	1
10523	Royal Ring T60	r0015	10130005	0	0	0	0	0	00	26	10	2	0	7	1	1	1	1	1	1	1	16020	1,2,3,4	60	-1	0	0	7,8	-1	0	0	0	0	0	0	0	0	0	0	0	0	0	0	0	0	0	0	0	0	0	0	0,0	0,0	0,0	0,0	0,0	0,0	0,0	0,0	0,0	0,0	0,0	62,62	0,0	0,0	0,0	0,0	0,0	0,0	0,0	0,0	0,0	0,0	0	0,1000	8000,8000	1	0	0	0	0	0	0	0	0	0	0	0	0	0	0	T60 Royal Ring T60 (Family set)	equipment_v2	1
10524	Wind Greatsword T60	w0010	10100002	01020003	02020003	0	0	0	00	2	10	3	0	7	1	1	1	1	1	1	1	16030	1,2,3,4	60	1,8	0	0	9	-1	0	0	0	0	0	0	0	0	0	0	0	0	0	0	0	0	0	0	0	0	0	0	0,0	0,0	0,0	0,0	0,0	0,0	0,0	0,0	262,296	320,360	0,0	0,0	0,0	0,0	0,0	0,0	0,0	0,0	0,0	0,0	0,0	0,0	0	0,1000	10000,10000	3	0	0	0	0	0	0	0	0	0	0	0	0	0	0	T60 Wind Greatsword T60 (Family set)	equipment_v2	1
10525	Wind Sword T60	w0004	10100001	01010004	02010004	03010073	0	0	00	1	10	3	0	7	1	1	1	1	1	1	1	16030	1,2,3,4	60	1,9,10	0	0	9,6	-1	0	0	0	0	0	0	0	0	0	0	0	0	0	0	0	0	0	0	0	0	0	0	0,0	0,0	0,0	0,0	0,0	0,0	0,0	0,0	119,135	146,164	0,0	0,0	0,0	0,0	0,0	0,0	0,0	0,0	0,0	0,0	0,0	0,0	1	0,1000	10000,10000	3	0	0	0	0	0	0	0	0	0	0	0	0	0	0	T60 Wind Sword T60 (Family set)	equipment_v2	1
10526	Wind Bow T60	w0019	10100003	01030005	0	03030005	0	0	00	3	10	3	0	7	1	1	1	1	1	1	1	16030	1,2,3,4	60	2,11,12	0	0	6	-1	0	0	0	0	0	0	0	0	0	0	0	0	0	0	0	0	0	0	0	0	0	0	0,0	0,0	0,0	0,0	0,0	0,0	0,0	0,0	262,296	320,360	0,0	0,0	0,0	0,0	0,0	0,0	0,0	0,0	0,0	0,0	0,0	0,0	0	0,1000	10000,10000	3	0	0	0	0	0	0	0	0	0	0	0	0	0	0	T60 Wind Bow T60 (Family set)	equipment_v2	1
10527	Wind Gun T60	w0024	10100004	01040003	0	03040003	0	0	00	4	10	3	0	7	1	1	1	1	1	1	1	16030	1,2,3,4	60	2,11,12	0	0	9	-1	0	0	0	0	0	0	0	0	0	0	0	0	0	0	0	0	0	0	0	0	0	0	0,0	0,0	0,0	0,0	0,0	0,0	0,0	0,0	262,296	320,360	0,0	0,0	0,0	0,0	0,0	0,0	0,0	0,0	0,0	0,0	0,0	0,0	0	0,1000	10000,10000	3	0	0	0	0	0	0	0	0	0	0	0	0	0	0	T60 Wind Gun T60 (Family set)	equipment_v2	1
10528	Wind Staff T60	w0060	10100009	0	0	03090004	04090004	0	00	9	10	3	0	7	1	1	1	1	1	1	1	16030	1,2,3,4	60	5,13,14	0	0	9	-1	0	0	0	0	0	0	0	0	0	0	0	0	0	0	0	0	0	0	0	0	0	0	0,0	0,0	0,0	0,0	0,0	0,0	0,0	0,0	216,244	263,297	0,0	0,0	0,0	0,0	0,0	0,0	0,0	0,0	0,0	0,0	0,0	0,0	0	0,1000	10000,10000	3	0	0	0	0	0	0	0	0	0	0	0	0	0	0	T60 Wind Staff T60 (Family set)	equipment_v2	1
10529	Wind Dagger T60	w0046	10100007	01070004	0	03070004	04070004	0	00	7	10	3	0	7	1	1	1	1	1	1	1	16030	1,2,3,4	60	4,16	0	0	9	-1	0	0	0	0	0	0	0	0	0	0	0	0	0	0	0	0	0	0	0	0	0	0	0,0	0,0	0,0	0,0	0,0	0,0	0,0	0,0	216,244	263,297	0,0	0,0	0,0	0,0	0,0	0,0	0,0	0,0	0,0	0,0	0,0	0,0	1	0,1000	10000,10000	3	0	0	0	0	0	0	0	0	0	0	0	0	0	0	T60 Wind Dagger T60 (Family set)	equipment_v2	1
10530	Wind Cap T60	e0699	10110001	0	0	0	0003970001	0	00	20	10	3	0	7	1	1	1	1	1	1	1	16030	1,2,3,4	60	1,2,3,4,5,8,9,10,12,13,14,16	0	0	0	-1	0	0	0	0	0	0	0	0	0	0	0	0	0	0	0	0	0	0	0	0	0	0	0,0	0,0	0,0	0,0	0,0	0,0	0,0	0,0	0,0	0,0	16,16	0,0	0,0	0,0	0,0	0,0	0,0	0,0	0,0	0,0	0,0	0,0	0	0,1000	8000,8000	2	0	0	0	0	0	0	0	0	0	0	0	0	0	0	T60 Wind Cap T60 (Family set)	equipment_v2	1
10531	Wind Body T60	e0102	10110002	0000060002	0001060002	0002591002	0	0	00	22	10	3	0	7	1	1	1	1	1	1	1	16030	1,2,3,4	60	1,2,3,4,5,8,9,10,12,13,14,16	0	0	2	-1	0	0	0	0	0	0	0	0	0	0	0	0	0	0	0	0	0	0	0	0	0	0	0,0	0,0	0,0	0,0	0,0	0,0	0,0	0,0	0,0	0,0	41,41	0,0	0,0	0,0	0,0	0,0	0,0	0,0	0,0	0,0	0,0	0,0	0	0,1000	8000,8000	2	0	0	0	0	0	0	0	0	0	0	0	0	0	0	T60 Wind Body T60 (Family set)	equipment_v2	1
10532	Wind Gloves T60	e0277	10110003	0000060003	0001060003	0002591003	0	0	00	23	10	3	0	7	1	1	1	1	1	1	1	16030	1,2,3,4	60	1,2,3,4,5,8,9,10,12,13,14,16	0	0	3	-1	0	0	0	0	0	0	0	0	0	0	0	0	0	0	0	0	0	0	0	0	0	0	0,0	0,0	0,0	0,0	0,0	0,0	0,0	0,0	0,0	0,0	16,16	0,0	0,0	0,0	0,0	0,0	0,0	0,0	0,0	0,0	0,0	0,0	0	0,1000	8000,8000	2	0	0	0	0	0	0	0	0	0	0	0	0	0	0	T60 Wind Gloves T60 (Family set)	equipment_v2	1
10533	Wind Boots T60	e0452	10110004	0000060004	0001060004	0002591004	0	0	00	24	10	3	0	7	1	1	1	1	1	1	1	16030	1,2,3,4	60	1,2,3,4,5,8,9,10,12,13,14,16	0	0	4	-1	0	0	0	0	0	0	0	0	0	0	0	0	0	0	0	0	0	0	0	0	0	0	0,0	0,0	0,0	0,0	0,0	0,0	0,0	0,0	0,0	0,0	16,16	0,0	0,0	0,0	0,0	0,0	0,0	0,0	0,0	0,0	0,0	0,0	0	0,1000	8000,8000	2	0	0	0	0	0	0	0	0	0	0	0	0	0	0	T60 Wind Boots T60 (Family set)	equipment_v2	1
10534	Wind Necklace T60	l0004	10130005	0	0	0	0	0	00	25	10	3	0	7	1	1	1	1	1	1	1	16030	1,2,3,4	60	-1	0	0	5	-1	0	0	0	0	0	0	0	0	0	0	0	0	0	0	0	0	0	0	0	0	0	0	0,0	0,0	0,0	0,0	0,0	0,0	0,0	0,0	0,0	0,0	0,0	125,125	0,0	0,0	0,0	0,0	0,0	0,0	0,0	0,0	0,0	0,0	0	0,1000	8000,8000	1	0	0	0	0	0	0	0	0	0	0	0	0	0	0	T60 Wind Necklace T60 (Family set)	equipment_v2	1
10535	Wind Ring T60	r0015	10130005	0	0	0	0	0	00	26	10	3	0	7	1	1	1	1	1	1	1	16030	1,2,3,4	60	-1	0	0	7,8	-1	0	0	0	0	0	0	0	0	0	0	0	0	0	0	0	0	0	0	0	0	0	0	0,0	0,0	0,0	0,0	0,0	0,0	0,0	0,0	0,0	0,0	0,0	62,62	0,0	0,0	0,0	0,0	0,0	0,0	0,0	0,0	0,0	0,0	0	0,1000	8000,8000	1	0	0	0	0	0	0	0	0	0	0	0	0	0	0	T60 Wind Ring T60 (Family set)	equipment_v2	1
10536	Hunter Greatsword T60	w0010	10100002	01020003	02020003	0	0	0	00	2	10	4	0	7	1	1	1	1	1	1	1	16040	1,2,3,4	60	1,8	0	0	9	-1	0	0	0	0	0	0	0	0	0	0	0	0	0	0	0	0	0	0	0	0	0	0	0,0	0,0	0,0	0,0	0,0	0,0	0,0	0,0	262,296	320,360	0,0	0,0	0,0	0,0	0,0	0,0	0,0	0,0	0,0	0,0	0,0	0,0	0	0,1000	10000,10000	3	0	0	0	0	0	0	0	0	0	0	0	0	0	0	T60 Hunter Greatsword T60 (Family set)	equipment_v2	1
10537	Hunter Sword T60	w0004	10100001	01010004	02010004	03010073	0	0	00	1	10	4	0	7	1	1	1	1	1	1	1	16040	1,2,3,4	60	1,9,10	0	0	9,6	-1	0	0	0	0	0	0	0	0	0	0	0	0	0	0	0	0	0	0	0	0	0	0	0,0	0,0	0,0	0,0	0,0	0,0	0,0	0,0	119,135	146,164	0,0	0,0	0,0	0,0	0,0	0,0	0,0	0,0	0,0	0,0	0,0	0,0	1	0,1000	10000,10000	3	0	0	0	0	0	0	0	0	0	0	0	0	0	0	T60 Hunter Sword T60 (Family set)	equipment_v2	1
10538	Hunter Bow T60	w0019	10100003	01030005	0	03030005	0	0	00	3	10	4	0	7	1	1	1	1	1	1	1	16040	1,2,3,4	60	2,11,12	0	0	6	-1	0	0	0	0	0	0	0	0	0	0	0	0	0	0	0	0	0	0	0	0	0	0	0,0	0,0	0,0	0,0	0,0	0,0	0,0	0,0	262,296	320,360	0,0	0,0	0,0	0,0	0,0	0,0	0,0	0,0	0,0	0,0	0,0	0,0	0	0,1000	10000,10000	3	0	0	0	0	0	0	0	0	0	0	0	0	0	0	T60 Hunter Bow T60 (Family set)	equipment_v2	1
10539	Hunter Gun T60	w0024	10100004	01040003	0	03040003	0	0	00	4	10	4	0	7	1	1	1	1	1	1	1	16040	1,2,3,4	60	2,11,12	0	0	9	-1	0	0	0	0	0	0	0	0	0	0	0	0	0	0	0	0	0	0	0	0	0	0	0,0	0,0	0,0	0,0	0,0	0,0	0,0	0,0	262,296	320,360	0,0	0,0	0,0	0,0	0,0	0,0	0,0	0,0	0,0	0,0	0,0	0,0	0	0,1000	10000,10000	3	0	0	0	0	0	0	0	0	0	0	0	0	0	0	T60 Hunter Gun T60 (Family set)	equipment_v2	1
10540	Hunter Staff T60	w0060	10100009	0	0	03090004	04090004	0	00	9	10	4	0	7	1	1	1	1	1	1	1	16040	1,2,3,4	60	5,13,14	0	0	9	-1	0	0	0	0	0	0	0	0	0	0	0	0	0	0	0	0	0	0	0	0	0	0	0,0	0,0	0,0	0,0	0,0	0,0	0,0	0,0	216,244	263,297	0,0	0,0	0,0	0,0	0,0	0,0	0,0	0,0	0,0	0,0	0,0	0,0	0	0,1000	10000,10000	3	0	0	0	0	0	0	0	0	0	0	0	0	0	0	T60 Hunter Staff T60 (Family set)	equipment_v2	1
10541	Hunter Dagger T60	w0046	10100007	01070004	0	03070004	04070004	0	00	7	10	4	0	7	1	1	1	1	1	1	1	16040	1,2,3,4	60	4,16	0	0	9	-1	0	0	0	0	0	0	0	0	0	0	0	0	0	0	0	0	0	0	0	0	0	0	0,0	0,0	0,0	0,0	0,0	0,0	0,0	0,0	216,244	263,297	0,0	0,0	0,0	0,0	0,0	0,0	0,0	0,0	0,0	0,0	0,0	0,0	1	0,1000	10000,10000	3	0	0	0	0	0	0	0	0	0	0	0	0	0	0	T60 Hunter Dagger T60 (Family set)	equipment_v2	1
10542	Hunter Cap T60	e0699	10110001	0	0	0	0003970001	0	00	20	10	4	0	7	1	1	1	1	1	1	1	16040	1,2,3,4	60	1,2,3,4,5,8,9,10,12,13,14,16	0	0	0	-1	0	0	0	0	0	0	0	0	0	0	0	0	0	0	0	0	0	0	0	0	0	0	0,0	0,0	0,0	0,0	0,0	0,0	0,0	0,0	0,0	0,0	16,16	0,0	0,0	0,0	0,0	0,0	0,0	0,0	0,0	0,0	0,0	0,0	0	0,1000	8000,8000	2	0	0	0	0	0	0	0	0	0	0	0	0	0	0	T60 Hunter Cap T60 (Family set)	equipment_v2	1
10543	Hunter Body T60	e0102	10110002	0000060002	0001060002	0002591002	0	0	00	22	10	4	0	7	1	1	1	1	1	1	1	16040	1,2,3,4	60	1,2,3,4,5,8,9,10,12,13,14,16	0	0	2	-1	0	0	0	0	0	0	0	0	0	0	0	0	0	0	0	0	0	0	0	0	0	0	0,0	0,0	0,0	0,0	0,0	0,0	0,0	0,0	0,0	0,0	41,41	0,0	0,0	0,0	0,0	0,0	0,0	0,0	0,0	0,0	0,0	0,0	0	0,1000	8000,8000	2	0	0	0	0	0	0	0	0	0	0	0	0	0	0	T60 Hunter Body T60 (Family set)	equipment_v2	1
10544	Hunter Gloves T60	e0277	10110003	0000060003	0001060003	0002591003	0	0	00	23	10	4	0	7	1	1	1	1	1	1	1	16040	1,2,3,4	60	1,2,3,4,5,8,9,10,12,13,14,16	0	0	3	-1	0	0	0	0	0	0	0	0	0	0	0	0	0	0	0	0	0	0	0	0	0	0	0,0	0,0	0,0	0,0	0,0	0,0	0,0	0,0	0,0	0,0	16,16	0,0	0,0	0,0	0,0	0,0	0,0	0,0	0,0	0,0	0,0	0,0	0	0,1000	8000,8000	2	0	0	0	0	0	0	0	0	0	0	0	0	0	0	T60 Hunter Gloves T60 (Family set)	equipment_v2	1
10545	Hunter Boots T60	e0452	10110004	0000060004	0001060004	0002591004	0	0	00	24	10	4	0	7	1	1	1	1	1	1	1	16040	1,2,3,4	60	1,2,3,4,5,8,9,10,12,13,14,16	0	0	4	-1	0	0	0	0	0	0	0	0	0	0	0	0	0	0	0	0	0	0	0	0	0	0	0,0	0,0	0,0	0,0	0,0	0,0	0,0	0,0	0,0	0,0	16,16	0,0	0,0	0,0	0,0	0,0	0,0	0,0	0,0	0,0	0,0	0,0	0	0,1000	8000,8000	2	0	0	0	0	0	0	0	0	0	0	0	0	0	0	T60 Hunter Boots T60 (Family set)	equipment_v2	1
10546	Hunter Necklace T60	l0004	10130005	0	0	0	0	0	00	25	10	4	0	7	1	1	1	1	1	1	1	16040	1,2,3,4	60	-1	0	0	5	-1	0	0	0	0	0	0	0	0	0	0	0	0	0	0	0	0	0	0	0	0	0	0	0,0	0,0	0,0	0,0	0,0	0,0	0,0	0,0	0,0	0,0	0,0	125,125	0,0	0,0	0,0	0,0	0,0	0,0	0,0	0,0	0,0	0,0	0	0,1000	8000,8000	1	0	0	0	0	0	0	0	0	0	0	0	0	0	0	T60 Hunter Necklace T60 (Family set)	equipment_v2	1
10547	Hunter Ring T60	r0015	10130005	0	0	0	0	0	00	26	10	4	0	7	1	1	1	1	1	1	1	16040	1,2,3,4	60	-1	0	0	7,8	-1	0	0	0	0	0	0	0	0	0	0	0	0	0	0	0	0	0	0	0	0	0	0	0,0	0,0	0,0	0,0	0,0	0,0	0,0	0,0	0,0	0,0	0,0	62,62	0,0	0,0	0,0	0,0	0,0	0,0	0,0	0,0	0,0	0,0	0	0,1000	8000,8000	1	0	0	0	0	0	0	0	0	0	0	0	0	0	0	T60 Hunter Ring T60 (Family set)	equipment_v2	1
10548	Shadow Greatsword T60	w0010	10100002	01020003	02020003	0	0	0	00	2	10	5	0	7	1	1	1	1	1	1	1	16050	1,2,3,4	60	1,8	0	0	9	-1	0	0	0	0	0	0	0	0	0	0	0	0	0	0	0	0	0	0	0	0	0	0	0,0	0,0	0,0	0,0	0,0	0,0	0,0	0,0	262,296	320,360	0,0	0,0	0,0	0,0	0,0	0,0	0,0	0,0	0,0	0,0	0,0	0,0	0	0,1000	10000,10000	3	0	0	0	0	0	0	0	0	0	0	0	0	0	0	T60 Shadow Greatsword T60 (Family set)	equipment_v2	1
10549	Shadow Sword T60	w0004	10100001	01010004	02010004	03010073	0	0	00	1	10	5	0	7	1	1	1	1	1	1	1	16050	1,2,3,4	60	1,9,10	0	0	9,6	-1	0	0	0	0	0	0	0	0	0	0	0	0	0	0	0	0	0	0	0	0	0	0	0,0	0,0	0,0	0,0	0,0	0,0	0,0	0,0	119,135	146,164	0,0	0,0	0,0	0,0	0,0	0,0	0,0	0,0	0,0	0,0	0,0	0,0	1	0,1000	10000,10000	3	0	0	0	0	0	0	0	0	0	0	0	0	0	0	T60 Shadow Sword T60 (Family set)	equipment_v2	1
10550	Shadow Bow T60	w0019	10100003	01030005	0	03030005	0	0	00	3	10	5	0	7	1	1	1	1	1	1	1	16050	1,2,3,4	60	2,11,12	0	0	6	-1	0	0	0	0	0	0	0	0	0	0	0	0	0	0	0	0	0	0	0	0	0	0	0,0	0,0	0,0	0,0	0,0	0,0	0,0	0,0	262,296	320,360	0,0	0,0	0,0	0,0	0,0	0,0	0,0	0,0	0,0	0,0	0,0	0,0	0	0,1000	10000,10000	3	0	0	0	0	0	0	0	0	0	0	0	0	0	0	T60 Shadow Bow T60 (Family set)	equipment_v2	1
10551	Shadow Gun T60	w0024	10100004	01040003	0	03040003	0	0	00	4	10	5	0	7	1	1	1	1	1	1	1	16050	1,2,3,4	60	2,11,12	0	0	9	-1	0	0	0	0	0	0	0	0	0	0	0	0	0	0	0	0	0	0	0	0	0	0	0,0	0,0	0,0	0,0	0,0	0,0	0,0	0,0	262,296	320,360	0,0	0,0	0,0	0,0	0,0	0,0	0,0	0,0	0,0	0,0	0,0	0,0	0	0,1000	10000,10000	3	0	0	0	0	0	0	0	0	0	0	0	0	0	0	T60 Shadow Gun T60 (Family set)	equipment_v2	1
10552	Shadow Staff T60	w0060	10100009	0	0	03090004	04090004	0	00	9	10	5	0	7	1	1	1	1	1	1	1	16050	1,2,3,4	60	5,13,14	0	0	9	-1	0	0	0	0	0	0	0	0	0	0	0	0	0	0	0	0	0	0	0	0	0	0	0,0	0,0	0,0	0,0	0,0	0,0	0,0	0,0	216,244	263,297	0,0	0,0	0,0	0,0	0,0	0,0	0,0	0,0	0,0	0,0	0,0	0,0	0	0,1000	10000,10000	3	0	0	0	0	0	0	0	0	0	0	0	0	0	0	T60 Shadow Staff T60 (Family set)	equipment_v2	1
10553	Shadow Dagger T60	w0046	10100007	01070004	0	03070004	04070004	0	00	7	10	5	0	7	1	1	1	1	1	1	1	16050	1,2,3,4	60	4,16	0	0	9	-1	0	0	0	0	0	0	0	0	0	0	0	0	0	0	0	0	0	0	0	0	0	0	0,0	0,0	0,0	0,0	0,0	0,0	0,0	0,0	216,244	263,297	0,0	0,0	0,0	0,0	0,0	0,0	0,0	0,0	0,0	0,0	0,0	0,0	1	0,1000	10000,10000	3	0	0	0	0	0	0	0	0	0	0	0	0	0	0	T60 Shadow Dagger T60 (Family set)	equipment_v2	1
10554	Shadow Cap T60	e0699	10110001	0	0	0	0003970001	0	00	20	10	5	0	7	1	1	1	1	1	1	1	16050	1,2,3,4	60	1,2,3,4,5,8,9,10,12,13,14,16	0	0	0	-1	0	0	0	0	0	0	0	0	0	0	0	0	0	0	0	0	0	0	0	0	0	0	0,0	0,0	0,0	0,0	0,0	0,0	0,0	0,0	0,0	0,0	16,16	0,0	0,0	0,0	0,0	0,0	0,0	0,0	0,0	0,0	0,0	0,0	0	0,1000	8000,8000	2	0	0	0	0	0	0	0	0	0	0	0	0	0	0	T60 Shadow Cap T60 (Family set)	equipment_v2	1
10555	Shadow Body T60	e0102	10110002	0000060002	0001060002	0002591002	0	0	00	22	10	5	0	7	1	1	1	1	1	1	1	16050	1,2,3,4	60	1,2,3,4,5,8,9,10,12,13,14,16	0	0	2	-1	0	0	0	0	0	0	0	0	0	0	0	0	0	0	0	0	0	0	0	0	0	0	0,0	0,0	0,0	0,0	0,0	0,0	0,0	0,0	0,0	0,0	41,41	0,0	0,0	0,0	0,0	0,0	0,0	0,0	0,0	0,0	0,0	0,0	0	0,1000	8000,8000	2	0	0	0	0	0	0	0	0	0	0	0	0	0	0	T60 Shadow Body T60 (Family set)	equipment_v2	1
10556	Shadow Gloves T60	e0277	10110003	0000060003	0001060003	0002591003	0	0	00	23	10	5	0	7	1	1	1	1	1	1	1	16050	1,2,3,4	60	1,2,3,4,5,8,9,10,12,13,14,16	0	0	3	-1	0	0	0	0	0	0	0	0	0	0	0	0	0	0	0	0	0	0	0	0	0	0	0,0	0,0	0,0	0,0	0,0	0,0	0,0	0,0	0,0	0,0	16,16	0,0	0,0	0,0	0,0	0,0	0,0	0,0	0,0	0,0	0,0	0,0	0	0,1000	8000,8000	2	0	0	0	0	0	0	0	0	0	0	0	0	0	0	T60 Shadow Gloves T60 (Family set)	equipment_v2	1
10557	Shadow Boots T60	e0452	10110004	0000060004	0001060004	0002591004	0	0	00	24	10	5	0	7	1	1	1	1	1	1	1	16050	1,2,3,4	60	1,2,3,4,5,8,9,10,12,13,14,16	0	0	4	-1	0	0	0	0	0	0	0	0	0	0	0	0	0	0	0	0	0	0	0	0	0	0	0,0	0,0	0,0	0,0	0,0	0,0	0,0	0,0	0,0	0,0	16,16	0,0	0,0	0,0	0,0	0,0	0,0	0,0	0,0	0,0	0,0	0,0	0	0,1000	8000,8000	2	0	0	0	0	0	0	0	0	0	0	0	0	0	0	T60 Shadow Boots T60 (Family set)	equipment_v2	1
10558	Shadow Necklace T60	l0004	10130005	0	0	0	0	0	00	25	10	5	0	7	1	1	1	1	1	1	1	16050	1,2,3,4	60	-1	0	0	5	-1	0	0	0	0	0	0	0	0	0	0	0	0	0	0	0	0	0	0	0	0	0	0	0,0	0,0	0,0	0,0	0,0	0,0	0,0	0,0	0,0	0,0	0,0	125,125	0,0	0,0	0,0	0,0	0,0	0,0	0,0	0,0	0,0	0,0	0	0,1000	8000,8000	1	0	0	0	0	0	0	0	0	0	0	0	0	0	0	T60 Shadow Necklace T60 (Family set)	equipment_v2	1
10559	Shadow Ring T60	r0015	10130005	0	0	0	0	0	00	26	10	5	0	7	1	1	1	1	1	1	1	16050	1,2,3,4	60	-1	0	0	7,8	-1	0	0	0	0	0	0	0	0	0	0	0	0	0	0	0	0	0	0	0	0	0	0	0,0	0,0	0,0	0,0	0,0	0,0	0,0	0,0	0,0	0,0	0,0	62,62	0,0	0,0	0,0	0,0	0,0	0,0	0,0	0,0	0,0	0,0	0	0,1000	8000,8000	1	0	0	0	0	0	0	0	0	0	0	0	0	0	0	T60 Shadow Ring T60 (Family set)	equipment_v2	1
10560	Sanctum Greatsword T60	w0010	10100002	01020003	02020003	0	0	0	00	2	10	6	0	7	1	1	1	1	1	1	1	16060	1,2,3,4	60	1,8	0	0	9	-1	0	0	0	0	0	0	0	0	0	0	0	0	0	0	0	0	0	0	0	0	0	0	0,0	0,0	0,0	0,0	0,0	0,0	0,0	0,0	262,296	320,360	0,0	0,0	0,0	0,0	0,0	0,0	0,0	0,0	0,0	0,0	0,0	0,0	0	0,1000	10000,10000	3	0	0	0	0	0	0	0	0	0	0	0	0	0	0	T60 Sanctum Greatsword T60 (Family set)	equipment_v2	1
10561	Sanctum Sword T60	w0004	10100001	01010004	02010004	03010073	0	0	00	1	10	6	0	7	1	1	1	1	1	1	1	16060	1,2,3,4	60	1,9,10	0	0	9,6	-1	0	0	0	0	0	0	0	0	0	0	0	0	0	0	0	0	0	0	0	0	0	0	0,0	0,0	0,0	0,0	0,0	0,0	0,0	0,0	119,135	146,164	0,0	0,0	0,0	0,0	0,0	0,0	0,0	0,0	0,0	0,0	0,0	0,0	1	0,1000	10000,10000	3	0	0	0	0	0	0	0	0	0	0	0	0	0	0	T60 Sanctum Sword T60 (Family set)	equipment_v2	1
10562	Sanctum Bow T60	w0019	10100003	01030005	0	03030005	0	0	00	3	10	6	0	7	1	1	1	1	1	1	1	16060	1,2,3,4	60	2,11,12	0	0	6	-1	0	0	0	0	0	0	0	0	0	0	0	0	0	0	0	0	0	0	0	0	0	0	0,0	0,0	0,0	0,0	0,0	0,0	0,0	0,0	262,296	320,360	0,0	0,0	0,0	0,0	0,0	0,0	0,0	0,0	0,0	0,0	0,0	0,0	0	0,1000	10000,10000	3	0	0	0	0	0	0	0	0	0	0	0	0	0	0	T60 Sanctum Bow T60 (Family set)	equipment_v2	1
10563	Sanctum Gun T60	w0024	10100004	01040003	0	03040003	0	0	00	4	10	6	0	7	1	1	1	1	1	1	1	16060	1,2,3,4	60	2,11,12	0	0	9	-1	0	0	0	0	0	0	0	0	0	0	0	0	0	0	0	0	0	0	0	0	0	0	0,0	0,0	0,0	0,0	0,0	0,0	0,0	0,0	262,296	320,360	0,0	0,0	0,0	0,0	0,0	0,0	0,0	0,0	0,0	0,0	0,0	0,0	0	0,1000	10000,10000	3	0	0	0	0	0	0	0	0	0	0	0	0	0	0	T60 Sanctum Gun T60 (Family set)	equipment_v2	1
10564	Sanctum Staff T60	w0060	10100009	0	0	03090004	04090004	0	00	9	10	6	0	7	1	1	1	1	1	1	1	16060	1,2,3,4	60	5,13,14	0	0	9	-1	0	0	0	0	0	0	0	0	0	0	0	0	0	0	0	0	0	0	0	0	0	0	0,0	0,0	0,0	0,0	0,0	0,0	0,0	0,0	216,244	263,297	0,0	0,0	0,0	0,0	0,0	0,0	0,0	0,0	0,0	0,0	0,0	0,0	0	0,1000	10000,10000	3	0	0	0	0	0	0	0	0	0	0	0	0	0	0	T60 Sanctum Staff T60 (Family set)	equipment_v2	1
10565	Sanctum Dagger T60	w0046	10100007	01070004	0	03070004	04070004	0	00	7	10	6	0	7	1	1	1	1	1	1	1	16060	1,2,3,4	60	4,16	0	0	9	-1	0	0	0	0	0	0	0	0	0	0	0	0	0	0	0	0	0	0	0	0	0	0	0,0	0,0	0,0	0,0	0,0	0,0	0,0	0,0	216,244	263,297	0,0	0,0	0,0	0,0	0,0	0,0	0,0	0,0	0,0	0,0	0,0	0,0	1	0,1000	10000,10000	3	0	0	0	0	0	0	0	0	0	0	0	0	0	0	T60 Sanctum Dagger T60 (Family set)	equipment_v2	1
10566	Sanctum Cap T60	e0699	10110001	0	0	0	0003970001	0	00	20	10	6	0	7	1	1	1	1	1	1	1	16060	1,2,3,4	60	1,2,3,4,5,8,9,10,12,13,14,16	0	0	0	-1	0	0	0	0	0	0	0	0	0	0	0	0	0	0	0	0	0	0	0	0	0	0	0,0	0,0	0,0	0,0	0,0	0,0	0,0	0,0	0,0	0,0	16,16	0,0	0,0	0,0	0,0	0,0	0,0	0,0	0,0	0,0	0,0	0,0	0	0,1000	8000,8000	2	0	0	0	0	0	0	0	0	0	0	0	0	0	0	T60 Sanctum Cap T60 (Family set)	equipment_v2	1
10567	Sanctum Body T60	e0102	10110002	0000060002	0001060002	0002591002	0	0	00	22	10	6	0	7	1	1	1	1	1	1	1	16060	1,2,3,4	60	1,2,3,4,5,8,9,10,12,13,14,16	0	0	2	-1	0	0	0	0	0	0	0	0	0	0	0	0	0	0	0	0	0	0	0	0	0	0	0,0	0,0	0,0	0,0	0,0	0,0	0,0	0,0	0,0	0,0	41,41	0,0	0,0	0,0	0,0	0,0	0,0	0,0	0,0	0,0	0,0	0,0	0	0,1000	8000,8000	2	0	0	0	0	0	0	0	0	0	0	0	0	0	0	T60 Sanctum Body T60 (Family set)	equipment_v2	1
10568	Sanctum Gloves T60	e0277	10110003	0000060003	0001060003	0002591003	0	0	00	23	10	6	0	7	1	1	1	1	1	1	1	16060	1,2,3,4	60	1,2,3,4,5,8,9,10,12,13,14,16	0	0	3	-1	0	0	0	0	0	0	0	0	0	0	0	0	0	0	0	0	0	0	0	0	0	0	0,0	0,0	0,0	0,0	0,0	0,0	0,0	0,0	0,0	0,0	16,16	0,0	0,0	0,0	0,0	0,0	0,0	0,0	0,0	0,0	0,0	0,0	0	0,1000	8000,8000	2	0	0	0	0	0	0	0	0	0	0	0	0	0	0	T60 Sanctum Gloves T60 (Family set)	equipment_v2	1
10569	Sanctum Boots T60	e0452	10110004	0000060004	0001060004	0002591004	0	0	00	24	10	6	0	7	1	1	1	1	1	1	1	16060	1,2,3,4	60	1,2,3,4,5,8,9,10,12,13,14,16	0	0	4	-1	0	0	0	0	0	0	0	0	0	0	0	0	0	0	0	0	0	0	0	0	0	0	0,0	0,0	0,0	0,0	0,0	0,0	0,0	0,0	0,0	0,0	16,16	0,0	0,0	0,0	0,0	0,0	0,0	0,0	0,0	0,0	0,0	0,0	0	0,1000	8000,8000	2	0	0	0	0	0	0	0	0	0	0	0	0	0	0	T60 Sanctum Boots T60 (Family set)	equipment_v2	1
10570	Sanctum Necklace T60	l0004	10130005	0	0	0	0	0	00	25	10	6	0	7	1	1	1	1	1	1	1	16060	1,2,3,4	60	-1	0	0	5	-1	0	0	0	0	0	0	0	0	0	0	0	0	0	0	0	0	0	0	0	0	0	0	0,0	0,0	0,0	0,0	0,0	0,0	0,0	0,0	0,0	0,0	0,0	125,125	0,0	0,0	0,0	0,0	0,0	0,0	0,0	0,0	0,0	0,0	0	0,1000	8000,8000	1	0	0	0	0	0	0	0	0	0	0	0	0	0	0	T60 Sanctum Necklace T60 (Family set)	equipment_v2	1
10571	Sanctum Ring T60	r0015	10130005	0	0	0	0	0	00	26	10	6	0	7	1	1	1	1	1	1	1	16060	1,2,3,4	60	-1	0	0	7,8	-1	0	0	0	0	0	0	0	0	0	0	0	0	0	0	0	0	0	0	0	0	0	0	0,0	0,0	0,0	0,0	0,0	0,0	0,0	0,0	0,0	0,0	0,0	62,62	0,0	0,0	0,0	0,0	0,0	0,0	0,0	0,0	0,0	0,0	0	0,1000	8000,8000	1	0	0	0	0	0	0	0	0	0	0	0	0	0	0	T60 Sanctum Ring T60 (Family set)	equipment_v2	1
10600	Guardian Greatsword T70	w0010	10100002	01020003	02020003	0	0	0	00	2	10	1	0	7	1	1	1	1	1	1	1	18510	1,2,3,4	70	1,8	0	0	9	-1	0	0	0	0	0	0	0	0	0	0	0	0	0	0	0	0	0	0	0	0	0	0	0,0	0,0	0,0	0,0	0,0	0,0	0,0	0,0	290,326	352,398	0,0	0,0	0,0	0,0	0,0	0,0	0,0	0,0	0,0	0,0	0,0	0,0	0	0,1000	10000,10000	3	0	0	0	0	0	0	0	0	0	0	0	0	0	0	T70 Guardian Greatsword T70 (Family set)	equipment_v2	1
10601	Guardian Sword T70	w0004	10100001	01010004	02010004	03010073	0	0	00	1	10	1	0	7	1	1	1	1	1	1	1	18510	1,2,3,4	70	1,9,10	0	0	9,6	-1	0	0	0	0	0	0	0	0	0	0	0	0	0	0	0	0	0	0	0	0	0	0	0,0	0,0	0,0	0,0	0,0	0,0	0,0	0,0	131,147	160,180	0,0	0,0	0,0	0,0	0,0	0,0	0,0	0,0	0,0	0,0	0,0	0,0	1	0,1000	10000,10000	3	0	0	0	0	0	0	0	0	0	0	0	0	0	0	T70 Guardian Sword T70 (Family set)	equipment_v2	1
10602	Guardian Bow T70	w0019	10100003	01030005	0	03030005	0	0	00	3	10	1	0	7	1	1	1	1	1	1	1	18510	1,2,3,4	70	2,11,12	0	0	6	-1	0	0	0	0	0	0	0	0	0	0	0	0	0	0	0	0	0	0	0	0	0	0	0,0	0,0	0,0	0,0	0,0	0,0	0,0	0,0	270,304	329,371	0,0	0,0	0,0	0,0	0,0	0,0	0,0	0,0	0,0	0,0	0,0	0,0	0	0,1000	10000,10000	3	0	0	0	0	0	0	0	0	0	0	0	0	0	0	T70 Guardian Bow T70 (Family set)	equipment_v2	1
10603	Guardian Gun T70	w0024	10100004	01040003	0	03040003	0	0	00	4	10	1	0	7	1	1	1	1	1	1	1	18510	1,2,3,4	70	2,11,12	0	0	9	-1	0	0	0	0	0	0	0	0	0	0	0	0	0	0	0	0	0	0	0	0	0	0	0,0	0,0	0,0	0,0	0,0	0,0	0,0	0,0	270,304	329,371	0,0	0,0	0,0	0,0	0,0	0,0	0,0	0,0	0,0	0,0	0,0	0,0	0	0,1000	10000,10000	3	0	0	0	0	0	0	0	0	0	0	0	0	0	0	T70 Guardian Gun T70 (Family set)	equipment_v2	1
10604	Guardian Staff T70	w0060	10100009	0	0	03090004	04090004	0	00	9	10	1	0	7	1	1	1	1	1	1	1	18510	1,2,3,4	70	5,13,14	0	0	9	-1	0	0	0	0	0	0	0	0	0	0	0	0	0	0	0	0	0	0	0	0	0	0	0,0	0,0	0,0	0,0	0,0	0,0	0,0	0,0	235,265	287,323	0,0	0,0	0,0	0,0	0,0	0,0	0,0	0,0	0,0	0,0	0,0	0,0	0	0,1000	10000,10000	3	0	0	0	0	0	0	0	0	0	0	0	0	0	0	T70 Guardian Staff T70 (Family set)	equipment_v2	1
10605	Guardian Dagger T70	w0046	10100007	01070004	0	03070004	04070004	0	00	7	10	1	0	7	1	1	1	1	1	1	1	18510	1,2,3,4	70	4,16	0	0	9	-1	0	0	0	0	0	0	0	0	0	0	0	0	0	0	0	0	0	0	0	0	0	0	0,0	0,0	0,0	0,0	0,0	0,0	0,0	0,0	239,269	291,329	0,0	0,0	0,0	0,0	0,0	0,0	0,0	0,0	0,0	0,0	0,0	0,0	1	0,1000	10000,10000	3	0	0	0	0	0	0	0	0	0	0	0	0	0	0	T70 Guardian Dagger T70 (Family set)	equipment_v2	1
10606	Guardian Cap T70	e0699	10110001	0	0	0	0003970001	0	00	20	10	1	0	7	1	1	1	1	1	1	1	18510	1,2,3,4	70	1,2,3,4,5,8,9,10,12,13,14,16	0	0	0	-1	0	0	0	0	0	0	0	0	0	0	0	0	0	0	0	0	0	0	0	0	0	0	0,0	0,0	0,0	0,0	0,0	0,0	0,0	0,0	0,0	0,0	20,20	0,0	0,0	0,0	0,0	0,0	0,0	0,0	0,0	0,0	0,0	0,0	0	0,1000	8000,8000	2	0	0	0	0	0	0	0	0	0	0	0	0	0	0	T70 Guardian Cap T70 (Family set)	equipment_v2	1
10607	Guardian Body T70	e0102	10110002	0000060002	0001060002	0002591002	0	0	00	22	10	1	0	7	1	1	1	1	1	1	1	18510	1,2,3,4	70	1,2,3,4,5,8,9,10,12,13,14,16	0	0	2	-1	0	0	0	0	0	0	0	0	0	0	0	0	0	0	0	0	0	0	0	0	0	0	0,0	0,0	0,0	0,0	0,0	0,0	0,0	0,0	0,0	0,0	51,51	0,0	0,0	0,0	0,0	0,0	0,0	0,0	0,0	0,0	0,0	0,0	0	0,1000	8000,8000	2	0	0	0	0	0	0	0	0	0	0	0	0	0	0	T70 Guardian Body T70 (Family set)	equipment_v2	1
10608	Guardian Gloves T70	e0277	10110003	0000060003	0001060003	0002591003	0	0	00	23	10	1	0	7	1	1	1	1	1	1	1	18510	1,2,3,4	70	1,2,3,4,5,8,9,10,12,13,14,16	0	0	3	-1	0	0	0	0	0	0	0	0	0	0	0	0	0	0	0	0	0	0	0	0	0	0	0,0	0,0	0,0	0,0	0,0	0,0	0,0	0,0	0,0	0,0	20,20	0,0	0,0	0,0	0,0	0,0	0,0	0,0	0,0	0,0	0,0	0,0	0	0,1000	8000,8000	2	0	0	0	0	0	0	0	0	0	0	0	0	0	0	T70 Guardian Gloves T70 (Family set)	equipment_v2	1
10609	Guardian Boots T70	e0452	10110004	0000060004	0001060004	0002591004	0	0	00	24	10	1	0	7	1	1	1	1	1	1	1	18510	1,2,3,4	70	1,2,3,4,5,8,9,10,12,13,14,16	0	0	4	-1	0	0	0	0	0	0	0	0	0	0	0	0	0	0	0	0	0	0	0	0	0	0	0,0	0,0	0,0	0,0	0,0	0,0	0,0	0,0	0,0	0,0	20,20	0,0	0,0	0,0	0,0	0,0	0,0	0,0	0,0	0,0	0,0	0,0	0	0,1000	8000,8000	2	0	0	0	0	0	0	0	0	0	0	0	0	0	0	T70 Guardian Boots T70 (Family set)	equipment_v2	1
10610	Guardian Necklace T70	l0004	10130005	0	0	0	0	0	00	25	10	1	0	7	1	1	1	1	1	1	1	18510	1,2,3,4	70	-1	0	0	5	-1	0	0	0	0	0	0	0	0	0	0	0	0	0	0	0	0	0	0	0	0	0	0	0,0	0,0	0,0	0,0	0,0	0,0	0,0	0,0	0,0	0,0	0,0	160,160	0,0	0,0	0,0	0,0	0,0	0,0	0,0	0,0	0,0	0,0	0	0,1000	8000,8000	1	0	0	0	0	0	0	0	0	0	0	0	0	0	0	T70 Guardian Necklace T70 (Family set)	equipment_v2	1
10611	Guardian Ring T70	r0015	10130005	0	0	0	0	0	00	26	10	1	0	7	1	1	1	1	1	1	1	18510	1,2,3,4	70	-1	0	0	7,8	-1	0	0	0	0	0	0	0	0	0	0	0	0	0	0	0	0	0	0	0	0	0	0	0,0	0,0	0,0	0,0	0,0	0,0	0,0	0,0	0,0	0,0	0,0	80,80	0,0	0,0	0,0	0,0	0,0	0,0	0,0	0,0	0,0	0,0	0	0,1000	8000,8000	1	0	0	0	0	0	0	0	0	0	0	0	0	0	0	T70 Guardian Ring T70 (Family set)	equipment_v2	1
10612	Royal Greatsword T70	w0010	10100002	01020003	02020003	0	0	0	00	2	10	2	0	7	1	1	1	1	1	1	1	18520	1,2,3,4	70	1,8	0	0	9	-1	0	0	0	0	0	0	0	0	0	0	0	0	0	0	0	0	0	0	0	0	0	0	0,0	0,0	0,0	0,0	0,0	0,0	0,0	0,0	290,326	352,398	0,0	0,0	0,0	0,0	0,0	0,0	0,0	0,0	0,0	0,0	0,0	0,0	0	0,1000	10000,10000	3	0	0	0	0	0	0	0	0	0	0	0	0	0	0	T70 Royal Greatsword T70 (Family set)	equipment_v2	1
10613	Royal Sword T70	w0004	10100001	01010004	02010004	03010073	0	0	00	1	10	2	0	7	1	1	1	1	1	1	1	18520	1,2,3,4	70	1,9,10	0	0	9,6	-1	0	0	0	0	0	0	0	0	0	0	0	0	0	0	0	0	0	0	0	0	0	0	0,0	0,0	0,0	0,0	0,0	0,0	0,0	0,0	131,147	160,180	0,0	0,0	0,0	0,0	0,0	0,0	0,0	0,0	0,0	0,0	0,0	0,0	1	0,1000	10000,10000	3	0	0	0	0	0	0	0	0	0	0	0	0	0	0	T70 Royal Sword T70 (Family set)	equipment_v2	1
10614	Royal Bow T70	w0019	10100003	01030005	0	03030005	0	0	00	3	10	2	0	7	1	1	1	1	1	1	1	18520	1,2,3,4	70	2,11,12	0	0	6	-1	0	0	0	0	0	0	0	0	0	0	0	0	0	0	0	0	0	0	0	0	0	0	0,0	0,0	0,0	0,0	0,0	0,0	0,0	0,0	270,304	329,371	0,0	0,0	0,0	0,0	0,0	0,0	0,0	0,0	0,0	0,0	0,0	0,0	0	0,1000	10000,10000	3	0	0	0	0	0	0	0	0	0	0	0	0	0	0	T70 Royal Bow T70 (Family set)	equipment_v2	1
10615	Royal Gun T70	w0024	10100004	01040003	0	03040003	0	0	00	4	10	2	0	7	1	1	1	1	1	1	1	18520	1,2,3,4	70	2,11,12	0	0	9	-1	0	0	0	0	0	0	0	0	0	0	0	0	0	0	0	0	0	0	0	0	0	0	0,0	0,0	0,0	0,0	0,0	0,0	0,0	0,0	270,304	329,371	0,0	0,0	0,0	0,0	0,0	0,0	0,0	0,0	0,0	0,0	0,0	0,0	0	0,1000	10000,10000	3	0	0	0	0	0	0	0	0	0	0	0	0	0	0	T70 Royal Gun T70 (Family set)	equipment_v2	1
10616	Royal Staff T70	w0060	10100009	0	0	03090004	04090004	0	00	9	10	2	0	7	1	1	1	1	1	1	1	18520	1,2,3,4	70	5,13,14	0	0	9	-1	0	0	0	0	0	0	0	0	0	0	0	0	0	0	0	0	0	0	0	0	0	0	0,0	0,0	0,0	0,0	0,0	0,0	0,0	0,0	235,265	287,323	0,0	0,0	0,0	0,0	0,0	0,0	0,0	0,0	0,0	0,0	0,0	0,0	0	0,1000	10000,10000	3	0	0	0	0	0	0	0	0	0	0	0	0	0	0	T70 Royal Staff T70 (Family set)	equipment_v2	1
10617	Royal Dagger T70	w0046	10100007	01070004	0	03070004	04070004	0	00	7	10	2	0	7	1	1	1	1	1	1	1	18520	1,2,3,4	70	4,16	0	0	9	-1	0	0	0	0	0	0	0	0	0	0	0	0	0	0	0	0	0	0	0	0	0	0	0,0	0,0	0,0	0,0	0,0	0,0	0,0	0,0	239,269	291,329	0,0	0,0	0,0	0,0	0,0	0,0	0,0	0,0	0,0	0,0	0,0	0,0	1	0,1000	10000,10000	3	0	0	0	0	0	0	0	0	0	0	0	0	0	0	T70 Royal Dagger T70 (Family set)	equipment_v2	1
10618	Royal Cap T70	e0699	10110001	0	0	0	0003970001	0	00	20	10	2	0	7	1	1	1	1	1	1	1	18520	1,2,3,4	70	1,2,3,4,5,8,9,10,12,13,14,16	0	0	0	-1	0	0	0	0	0	0	0	0	0	0	0	0	0	0	0	0	0	0	0	0	0	0	0,0	0,0	0,0	0,0	0,0	0,0	0,0	0,0	0,0	0,0	20,20	0,0	0,0	0,0	0,0	0,0	0,0	0,0	0,0	0,0	0,0	0,0	0	0,1000	8000,8000	2	0	0	0	0	0	0	0	0	0	0	0	0	0	0	T70 Royal Cap T70 (Family set)	equipment_v2	1
10619	Royal Body T70	e0102	10110002	0000060002	0001060002	0002591002	0	0	00	22	10	2	0	7	1	1	1	1	1	1	1	18520	1,2,3,4	70	1,2,3,4,5,8,9,10,12,13,14,16	0	0	2	-1	0	0	0	0	0	0	0	0	0	0	0	0	0	0	0	0	0	0	0	0	0	0	0,0	0,0	0,0	0,0	0,0	0,0	0,0	0,0	0,0	0,0	51,51	0,0	0,0	0,0	0,0	0,0	0,0	0,0	0,0	0,0	0,0	0,0	0	0,1000	8000,8000	2	0	0	0	0	0	0	0	0	0	0	0	0	0	0	T70 Royal Body T70 (Family set)	equipment_v2	1
10620	Royal Gloves T70	e0277	10110003	0000060003	0001060003	0002591003	0	0	00	23	10	2	0	7	1	1	1	1	1	1	1	18520	1,2,3,4	70	1,2,3,4,5,8,9,10,12,13,14,16	0	0	3	-1	0	0	0	0	0	0	0	0	0	0	0	0	0	0	0	0	0	0	0	0	0	0	0,0	0,0	0,0	0,0	0,0	0,0	0,0	0,0	0,0	0,0	20,20	0,0	0,0	0,0	0,0	0,0	0,0	0,0	0,0	0,0	0,0	0,0	0	0,1000	8000,8000	2	0	0	0	0	0	0	0	0	0	0	0	0	0	0	T70 Royal Gloves T70 (Family set)	equipment_v2	1
10621	Royal Boots T70	e0452	10110004	0000060004	0001060004	0002591004	0	0	00	24	10	2	0	7	1	1	1	1	1	1	1	18520	1,2,3,4	70	1,2,3,4,5,8,9,10,12,13,14,16	0	0	4	-1	0	0	0	0	0	0	0	0	0	0	0	0	0	0	0	0	0	0	0	0	0	0	0,0	0,0	0,0	0,0	0,0	0,0	0,0	0,0	0,0	0,0	20,20	0,0	0,0	0,0	0,0	0,0	0,0	0,0	0,0	0,0	0,0	0,0	0	0,1000	8000,8000	2	0	0	0	0	0	0	0	0	0	0	0	0	0	0	T70 Royal Boots T70 (Family set)	equipment_v2	1
10622	Royal Necklace T70	l0004	10130005	0	0	0	0	0	00	25	10	2	0	7	1	1	1	1	1	1	1	18520	1,2,3,4	70	-1	0	0	5	-1	0	0	0	0	0	0	0	0	0	0	0	0	0	0	0	0	0	0	0	0	0	0	0,0	0,0	0,0	0,0	0,0	0,0	0,0	0,0	0,0	0,0	0,0	160,160	0,0	0,0	0,0	0,0	0,0	0,0	0,0	0,0	0,0	0,0	0	0,1000	8000,8000	1	0	0	0	0	0	0	0	0	0	0	0	0	0	0	T70 Royal Necklace T70 (Family set)	equipment_v2	1
10623	Royal Ring T70	r0015	10130005	0	0	0	0	0	00	26	10	2	0	7	1	1	1	1	1	1	1	18520	1,2,3,4	70	-1	0	0	7,8	-1	0	0	0	0	0	0	0	0	0	0	0	0	0	0	0	0	0	0	0	0	0	0	0,0	0,0	0,0	0,0	0,0	0,0	0,0	0,0	0,0	0,0	0,0	80,80	0,0	0,0	0,0	0,0	0,0	0,0	0,0	0,0	0,0	0,0	0	0,1000	8000,8000	1	0	0	0	0	0	0	0	0	0	0	0	0	0	0	T70 Royal Ring T70 (Family set)	equipment_v2	1
10624	Wind Greatsword T70	w0010	10100002	01020003	02020003	0	0	0	00	2	10	3	0	7	1	1	1	1	1	1	1	18530	1,2,3,4	70	1,8	0	0	9	-1	0	0	0	0	0	0	0	0	0	0	0	0	0	0	0	0	0	0	0	0	0	0	0,0	0,0	0,0	0,0	0,0	0,0	0,0	0,0	290,326	352,398	0,0	0,0	0,0	0,0	0,0	0,0	0,0	0,0	0,0	0,0	0,0	0,0	0	0,1000	10000,10000	3	0	0	0	0	0	0	0	0	0	0	0	0	0	0	T70 Wind Greatsword T70 (Family set)	equipment_v2	1
10625	Wind Sword T70	w0004	10100001	01010004	02010004	03010073	0	0	00	1	10	3	0	7	1	1	1	1	1	1	1	18530	1,2,3,4	70	1,9,10	0	0	9,6	-1	0	0	0	0	0	0	0	0	0	0	0	0	0	0	0	0	0	0	0	0	0	0	0,0	0,0	0,0	0,0	0,0	0,0	0,0	0,0	131,147	160,180	0,0	0,0	0,0	0,0	0,0	0,0	0,0	0,0	0,0	0,0	0,0	0,0	1	0,1000	10000,10000	3	0	0	0	0	0	0	0	0	0	0	0	0	0	0	T70 Wind Sword T70 (Family set)	equipment_v2	1
10626	Wind Bow T70	w0019	10100003	01030005	0	03030005	0	0	00	3	10	3	0	7	1	1	1	1	1	1	1	18530	1,2,3,4	70	2,11,12	0	0	6	-1	0	0	0	0	0	0	0	0	0	0	0	0	0	0	0	0	0	0	0	0	0	0	0,0	0,0	0,0	0,0	0,0	0,0	0,0	0,0	270,304	329,371	0,0	0,0	0,0	0,0	0,0	0,0	0,0	0,0	0,0	0,0	0,0	0,0	0	0,1000	10000,10000	3	0	0	0	0	0	0	0	0	0	0	0	0	0	0	T70 Wind Bow T70 (Family set)	equipment_v2	1
10627	Wind Gun T70	w0024	10100004	01040003	0	03040003	0	0	00	4	10	3	0	7	1	1	1	1	1	1	1	18530	1,2,3,4	70	2,11,12	0	0	9	-1	0	0	0	0	0	0	0	0	0	0	0	0	0	0	0	0	0	0	0	0	0	0	0,0	0,0	0,0	0,0	0,0	0,0	0,0	0,0	270,304	329,371	0,0	0,0	0,0	0,0	0,0	0,0	0,0	0,0	0,0	0,0	0,0	0,0	0	0,1000	10000,10000	3	0	0	0	0	0	0	0	0	0	0	0	0	0	0	T70 Wind Gun T70 (Family set)	equipment_v2	1
10628	Wind Staff T70	w0060	10100009	0	0	03090004	04090004	0	00	9	10	3	0	7	1	1	1	1	1	1	1	18530	1,2,3,4	70	5,13,14	0	0	9	-1	0	0	0	0	0	0	0	0	0	0	0	0	0	0	0	0	0	0	0	0	0	0	0,0	0,0	0,0	0,0	0,0	0,0	0,0	0,0	235,265	287,323	0,0	0,0	0,0	0,0	0,0	0,0	0,0	0,0	0,0	0,0	0,0	0,0	0	0,1000	10000,10000	3	0	0	0	0	0	0	0	0	0	0	0	0	0	0	T70 Wind Staff T70 (Family set)	equipment_v2	1
10629	Wind Dagger T70	w0046	10100007	01070004	0	03070004	04070004	0	00	7	10	3	0	7	1	1	1	1	1	1	1	18530	1,2,3,4	70	4,16	0	0	9	-1	0	0	0	0	0	0	0	0	0	0	0	0	0	0	0	0	0	0	0	0	0	0	0,0	0,0	0,0	0,0	0,0	0,0	0,0	0,0	239,269	291,329	0,0	0,0	0,0	0,0	0,0	0,0	0,0	0,0	0,0	0,0	0,0	0,0	1	0,1000	10000,10000	3	0	0	0	0	0	0	0	0	0	0	0	0	0	0	T70 Wind Dagger T70 (Family set)	equipment_v2	1
10630	Wind Cap T70	e0699	10110001	0	0	0	0003970001	0	00	20	10	3	0	7	1	1	1	1	1	1	1	18530	1,2,3,4	70	1,2,3,4,5,8,9,10,12,13,14,16	0	0	0	-1	0	0	0	0	0	0	0	0	0	0	0	0	0	0	0	0	0	0	0	0	0	0	0,0	0,0	0,0	0,0	0,0	0,0	0,0	0,0	0,0	0,0	20,20	0,0	0,0	0,0	0,0	0,0	0,0	0,0	0,0	0,0	0,0	0,0	0	0,1000	8000,8000	2	0	0	0	0	0	0	0	0	0	0	0	0	0	0	T70 Wind Cap T70 (Family set)	equipment_v2	1
10631	Wind Body T70	e0102	10110002	0000060002	0001060002	0002591002	0	0	00	22	10	3	0	7	1	1	1	1	1	1	1	18530	1,2,3,4	70	1,2,3,4,5,8,9,10,12,13,14,16	0	0	2	-1	0	0	0	0	0	0	0	0	0	0	0	0	0	0	0	0	0	0	0	0	0	0	0,0	0,0	0,0	0,0	0,0	0,0	0,0	0,0	0,0	0,0	51,51	0,0	0,0	0,0	0,0	0,0	0,0	0,0	0,0	0,0	0,0	0,0	0	0,1000	8000,8000	2	0	0	0	0	0	0	0	0	0	0	0	0	0	0	T70 Wind Body T70 (Family set)	equipment_v2	1
10632	Wind Gloves T70	e0277	10110003	0000060003	0001060003	0002591003	0	0	00	23	10	3	0	7	1	1	1	1	1	1	1	18530	1,2,3,4	70	1,2,3,4,5,8,9,10,12,13,14,16	0	0	3	-1	0	0	0	0	0	0	0	0	0	0	0	0	0	0	0	0	0	0	0	0	0	0	0,0	0,0	0,0	0,0	0,0	0,0	0,0	0,0	0,0	0,0	20,20	0,0	0,0	0,0	0,0	0,0	0,0	0,0	0,0	0,0	0,0	0,0	0	0,1000	8000,8000	2	0	0	0	0	0	0	0	0	0	0	0	0	0	0	T70 Wind Gloves T70 (Family set)	equipment_v2	1
10633	Wind Boots T70	e0452	10110004	0000060004	0001060004	0002591004	0	0	00	24	10	3	0	7	1	1	1	1	1	1	1	18530	1,2,3,4	70	1,2,3,4,5,8,9,10,12,13,14,16	0	0	4	-1	0	0	0	0	0	0	0	0	0	0	0	0	0	0	0	0	0	0	0	0	0	0	0,0	0,0	0,0	0,0	0,0	0,0	0,0	0,0	0,0	0,0	20,20	0,0	0,0	0,0	0,0	0,0	0,0	0,0	0,0	0,0	0,0	0,0	0	0,1000	8000,8000	2	0	0	0	0	0	0	0	0	0	0	0	0	0	0	T70 Wind Boots T70 (Family set)	equipment_v2	1
10634	Wind Necklace T70	l0004	10130005	0	0	0	0	0	00	25	10	3	0	7	1	1	1	1	1	1	1	18530	1,2,3,4	70	-1	0	0	5	-1	0	0	0	0	0	0	0	0	0	0	0	0	0	0	0	0	0	0	0	0	0	0	0,0	0,0	0,0	0,0	0,0	0,0	0,0	0,0	0,0	0,0	0,0	160,160	0,0	0,0	0,0	0,0	0,0	0,0	0,0	0,0	0,0	0,0	0	0,1000	8000,8000	1	0	0	0	0	0	0	0	0	0	0	0	0	0	0	T70 Wind Necklace T70 (Family set)	equipment_v2	1
10635	Wind Ring T70	r0015	10130005	0	0	0	0	0	00	26	10	3	0	7	1	1	1	1	1	1	1	18530	1,2,3,4	70	-1	0	0	7,8	-1	0	0	0	0	0	0	0	0	0	0	0	0	0	0	0	0	0	0	0	0	0	0	0,0	0,0	0,0	0,0	0,0	0,0	0,0	0,0	0,0	0,0	0,0	80,80	0,0	0,0	0,0	0,0	0,0	0,0	0,0	0,0	0,0	0,0	0	0,1000	8000,8000	1	0	0	0	0	0	0	0	0	0	0	0	0	0	0	T70 Wind Ring T70 (Family set)	equipment_v2	1
10636	Hunter Greatsword T70	w0010	10100002	01020003	02020003	0	0	0	00	2	10	4	0	7	1	1	1	1	1	1	1	18540	1,2,3,4	70	1,8	0	0	9	-1	0	0	0	0	0	0	0	0	0	0	0	0	0	0	0	0	0	0	0	0	0	0	0,0	0,0	0,0	0,0	0,0	0,0	0,0	0,0	290,326	352,398	0,0	0,0	0,0	0,0	0,0	0,0	0,0	0,0	0,0	0,0	0,0	0,0	0	0,1000	10000,10000	3	0	0	0	0	0	0	0	0	0	0	0	0	0	0	T70 Hunter Greatsword T70 (Family set)	equipment_v2	1
10637	Hunter Sword T70	w0004	10100001	01010004	02010004	03010073	0	0	00	1	10	4	0	7	1	1	1	1	1	1	1	18540	1,2,3,4	70	1,9,10	0	0	9,6	-1	0	0	0	0	0	0	0	0	0	0	0	0	0	0	0	0	0	0	0	0	0	0	0,0	0,0	0,0	0,0	0,0	0,0	0,0	0,0	131,147	160,180	0,0	0,0	0,0	0,0	0,0	0,0	0,0	0,0	0,0	0,0	0,0	0,0	1	0,1000	10000,10000	3	0	0	0	0	0	0	0	0	0	0	0	0	0	0	T70 Hunter Sword T70 (Family set)	equipment_v2	1
10638	Hunter Bow T70	w0019	10100003	01030005	0	03030005	0	0	00	3	10	4	0	7	1	1	1	1	1	1	1	18540	1,2,3,4	70	2,11,12	0	0	6	-1	0	0	0	0	0	0	0	0	0	0	0	0	0	0	0	0	0	0	0	0	0	0	0,0	0,0	0,0	0,0	0,0	0,0	0,0	0,0	270,304	329,371	0,0	0,0	0,0	0,0	0,0	0,0	0,0	0,0	0,0	0,0	0,0	0,0	0	0,1000	10000,10000	3	0	0	0	0	0	0	0	0	0	0	0	0	0	0	T70 Hunter Bow T70 (Family set)	equipment_v2	1
10639	Hunter Gun T70	w0024	10100004	01040003	0	03040003	0	0	00	4	10	4	0	7	1	1	1	1	1	1	1	18540	1,2,3,4	70	2,11,12	0	0	9	-1	0	0	0	0	0	0	0	0	0	0	0	0	0	0	0	0	0	0	0	0	0	0	0,0	0,0	0,0	0,0	0,0	0,0	0,0	0,0	270,304	329,371	0,0	0,0	0,0	0,0	0,0	0,0	0,0	0,0	0,0	0,0	0,0	0,0	0	0,1000	10000,10000	3	0	0	0	0	0	0	0	0	0	0	0	0	0	0	T70 Hunter Gun T70 (Family set)	equipment_v2	1
10640	Hunter Staff T70	w0060	10100009	0	0	03090004	04090004	0	00	9	10	4	0	7	1	1	1	1	1	1	1	18540	1,2,3,4	70	5,13,14	0	0	9	-1	0	0	0	0	0	0	0	0	0	0	0	0	0	0	0	0	0	0	0	0	0	0	0,0	0,0	0,0	0,0	0,0	0,0	0,0	0,0	235,265	287,323	0,0	0,0	0,0	0,0	0,0	0,0	0,0	0,0	0,0	0,0	0,0	0,0	0	0,1000	10000,10000	3	0	0	0	0	0	0	0	0	0	0	0	0	0	0	T70 Hunter Staff T70 (Family set)	equipment_v2	1
10641	Hunter Dagger T70	w0046	10100007	01070004	0	03070004	04070004	0	00	7	10	4	0	7	1	1	1	1	1	1	1	18540	1,2,3,4	70	4,16	0	0	9	-1	0	0	0	0	0	0	0	0	0	0	0	0	0	0	0	0	0	0	0	0	0	0	0,0	0,0	0,0	0,0	0,0	0,0	0,0	0,0	239,269	291,329	0,0	0,0	0,0	0,0	0,0	0,0	0,0	0,0	0,0	0,0	0,0	0,0	1	0,1000	10000,10000	3	0	0	0	0	0	0	0	0	0	0	0	0	0	0	T70 Hunter Dagger T70 (Family set)	equipment_v2	1
10642	Hunter Cap T70	e0699	10110001	0	0	0	0003970001	0	00	20	10	4	0	7	1	1	1	1	1	1	1	18540	1,2,3,4	70	1,2,3,4,5,8,9,10,12,13,14,16	0	0	0	-1	0	0	0	0	0	0	0	0	0	0	0	0	0	0	0	0	0	0	0	0	0	0	0,0	0,0	0,0	0,0	0,0	0,0	0,0	0,0	0,0	0,0	20,20	0,0	0,0	0,0	0,0	0,0	0,0	0,0	0,0	0,0	0,0	0,0	0	0,1000	8000,8000	2	0	0	0	0	0	0	0	0	0	0	0	0	0	0	T70 Hunter Cap T70 (Family set)	equipment_v2	1
10643	Hunter Body T70	e0102	10110002	0000060002	0001060002	0002591002	0	0	00	22	10	4	0	7	1	1	1	1	1	1	1	18540	1,2,3,4	70	1,2,3,4,5,8,9,10,12,13,14,16	0	0	2	-1	0	0	0	0	0	0	0	0	0	0	0	0	0	0	0	0	0	0	0	0	0	0	0,0	0,0	0,0	0,0	0,0	0,0	0,0	0,0	0,0	0,0	51,51	0,0	0,0	0,0	0,0	0,0	0,0	0,0	0,0	0,0	0,0	0,0	0	0,1000	8000,8000	2	0	0	0	0	0	0	0	0	0	0	0	0	0	0	T70 Hunter Body T70 (Family set)	equipment_v2	1
10644	Hunter Gloves T70	e0277	10110003	0000060003	0001060003	0002591003	0	0	00	23	10	4	0	7	1	1	1	1	1	1	1	18540	1,2,3,4	70	1,2,3,4,5,8,9,10,12,13,14,16	0	0	3	-1	0	0	0	0	0	0	0	0	0	0	0	0	0	0	0	0	0	0	0	0	0	0	0,0	0,0	0,0	0,0	0,0	0,0	0,0	0,0	0,0	0,0	20,20	0,0	0,0	0,0	0,0	0,0	0,0	0,0	0,0	0,0	0,0	0,0	0	0,1000	8000,8000	2	0	0	0	0	0	0	0	0	0	0	0	0	0	0	T70 Hunter Gloves T70 (Family set)	equipment_v2	1
10645	Hunter Boots T70	e0452	10110004	0000060004	0001060004	0002591004	0	0	00	24	10	4	0	7	1	1	1	1	1	1	1	18540	1,2,3,4	70	1,2,3,4,5,8,9,10,12,13,14,16	0	0	4	-1	0	0	0	0	0	0	0	0	0	0	0	0	0	0	0	0	0	0	0	0	0	0	0,0	0,0	0,0	0,0	0,0	0,0	0,0	0,0	0,0	0,0	20,20	0,0	0,0	0,0	0,0	0,0	0,0	0,0	0,0	0,0	0,0	0,0	0	0,1000	8000,8000	2	0	0	0	0	0	0	0	0	0	0	0	0	0	0	T70 Hunter Boots T70 (Family set)	equipment_v2	1
10646	Hunter Necklace T70	l0004	10130005	0	0	0	0	0	00	25	10	4	0	7	1	1	1	1	1	1	1	18540	1,2,3,4	70	-1	0	0	5	-1	0	0	0	0	0	0	0	0	0	0	0	0	0	0	0	0	0	0	0	0	0	0	0,0	0,0	0,0	0,0	0,0	0,0	0,0	0,0	0,0	0,0	0,0	160,160	0,0	0,0	0,0	0,0	0,0	0,0	0,0	0,0	0,0	0,0	0	0,1000	8000,8000	1	0	0	0	0	0	0	0	0	0	0	0	0	0	0	T70 Hunter Necklace T70 (Family set)	equipment_v2	1
10647	Hunter Ring T70	r0015	10130005	0	0	0	0	0	00	26	10	4	0	7	1	1	1	1	1	1	1	18540	1,2,3,4	70	-1	0	0	7,8	-1	0	0	0	0	0	0	0	0	0	0	0	0	0	0	0	0	0	0	0	0	0	0	0,0	0,0	0,0	0,0	0,0	0,0	0,0	0,0	0,0	0,0	0,0	80,80	0,0	0,0	0,0	0,0	0,0	0,0	0,0	0,0	0,0	0,0	0	0,1000	8000,8000	1	0	0	0	0	0	0	0	0	0	0	0	0	0	0	T70 Hunter Ring T70 (Family set)	equipment_v2	1
10648	Shadow Greatsword T70	w0010	10100002	01020003	02020003	0	0	0	00	2	10	5	0	7	1	1	1	1	1	1	1	18550	1,2,3,4	70	1,8	0	0	9	-1	0	0	0	0	0	0	0	0	0	0	0	0	0	0	0	0	0	0	0	0	0	0	0,0	0,0	0,0	0,0	0,0	0,0	0,0	0,0	290,326	352,398	0,0	0,0	0,0	0,0	0,0	0,0	0,0	0,0	0,0	0,0	0,0	0,0	0	0,1000	10000,10000	3	0	0	0	0	0	0	0	0	0	0	0	0	0	0	T70 Shadow Greatsword T70 (Family set)	equipment_v2	1
10649	Shadow Sword T70	w0004	10100001	01010004	02010004	03010073	0	0	00	1	10	5	0	7	1	1	1	1	1	1	1	18550	1,2,3,4	70	1,9,10	0	0	9,6	-1	0	0	0	0	0	0	0	0	0	0	0	0	0	0	0	0	0	0	0	0	0	0	0,0	0,0	0,0	0,0	0,0	0,0	0,0	0,0	131,147	160,180	0,0	0,0	0,0	0,0	0,0	0,0	0,0	0,0	0,0	0,0	0,0	0,0	1	0,1000	10000,10000	3	0	0	0	0	0	0	0	0	0	0	0	0	0	0	T70 Shadow Sword T70 (Family set)	equipment_v2	1
10650	Shadow Bow T70	w0019	10100003	01030005	0	03030005	0	0	00	3	10	5	0	7	1	1	1	1	1	1	1	18550	1,2,3,4	70	2,11,12	0	0	6	-1	0	0	0	0	0	0	0	0	0	0	0	0	0	0	0	0	0	0	0	0	0	0	0,0	0,0	0,0	0,0	0,0	0,0	0,0	0,0	270,304	329,371	0,0	0,0	0,0	0,0	0,0	0,0	0,0	0,0	0,0	0,0	0,0	0,0	0	0,1000	10000,10000	3	0	0	0	0	0	0	0	0	0	0	0	0	0	0	T70 Shadow Bow T70 (Family set)	equipment_v2	1
10651	Shadow Gun T70	w0024	10100004	01040003	0	03040003	0	0	00	4	10	5	0	7	1	1	1	1	1	1	1	18550	1,2,3,4	70	2,11,12	0	0	9	-1	0	0	0	0	0	0	0	0	0	0	0	0	0	0	0	0	0	0	0	0	0	0	0,0	0,0	0,0	0,0	0,0	0,0	0,0	0,0	270,304	329,371	0,0	0,0	0,0	0,0	0,0	0,0	0,0	0,0	0,0	0,0	0,0	0,0	0	0,1000	10000,10000	3	0	0	0	0	0	0	0	0	0	0	0	0	0	0	T70 Shadow Gun T70 (Family set)	equipment_v2	1
10652	Shadow Staff T70	w0060	10100009	0	0	03090004	04090004	0	00	9	10	5	0	7	1	1	1	1	1	1	1	18550	1,2,3,4	70	5,13,14	0	0	9	-1	0	0	0	0	0	0	0	0	0	0	0	0	0	0	0	0	0	0	0	0	0	0	0,0	0,0	0,0	0,0	0,0	0,0	0,0	0,0	235,265	287,323	0,0	0,0	0,0	0,0	0,0	0,0	0,0	0,0	0,0	0,0	0,0	0,0	0	0,1000	10000,10000	3	0	0	0	0	0	0	0	0	0	0	0	0	0	0	T70 Shadow Staff T70 (Family set)	equipment_v2	1
10653	Shadow Dagger T70	w0046	10100007	01070004	0	03070004	04070004	0	00	7	10	5	0	7	1	1	1	1	1	1	1	18550	1,2,3,4	70	4,16	0	0	9	-1	0	0	0	0	0	0	0	0	0	0	0	0	0	0	0	0	0	0	0	0	0	0	0,0	0,0	0,0	0,0	0,0	0,0	0,0	0,0	239,269	291,329	0,0	0,0	0,0	0,0	0,0	0,0	0,0	0,0	0,0	0,0	0,0	0,0	1	0,1000	10000,10000	3	0	0	0	0	0	0	0	0	0	0	0	0	0	0	T70 Shadow Dagger T70 (Family set)	equipment_v2	1
10654	Shadow Cap T70	e0699	10110001	0	0	0	0003970001	0	00	20	10	5	0	7	1	1	1	1	1	1	1	18550	1,2,3,4	70	1,2,3,4,5,8,9,10,12,13,14,16	0	0	0	-1	0	0	0	0	0	0	0	0	0	0	0	0	0	0	0	0	0	0	0	0	0	0	0,0	0,0	0,0	0,0	0,0	0,0	0,0	0,0	0,0	0,0	20,20	0,0	0,0	0,0	0,0	0,0	0,0	0,0	0,0	0,0	0,0	0,0	0	0,1000	8000,8000	2	0	0	0	0	0	0	0	0	0	0	0	0	0	0	T70 Shadow Cap T70 (Family set)	equipment_v2	1
10655	Shadow Body T70	e0102	10110002	0000060002	0001060002	0002591002	0	0	00	22	10	5	0	7	1	1	1	1	1	1	1	18550	1,2,3,4	70	1,2,3,4,5,8,9,10,12,13,14,16	0	0	2	-1	0	0	0	0	0	0	0	0	0	0	0	0	0	0	0	0	0	0	0	0	0	0	0,0	0,0	0,0	0,0	0,0	0,0	0,0	0,0	0,0	0,0	51,51	0,0	0,0	0,0	0,0	0,0	0,0	0,0	0,0	0,0	0,0	0,0	0	0,1000	8000,8000	2	0	0	0	0	0	0	0	0	0	0	0	0	0	0	T70 Shadow Body T70 (Family set)	equipment_v2	1
10656	Shadow Gloves T70	e0277	10110003	0000060003	0001060003	0002591003	0	0	00	23	10	5	0	7	1	1	1	1	1	1	1	18550	1,2,3,4	70	1,2,3,4,5,8,9,10,12,13,14,16	0	0	3	-1	0	0	0	0	0	0	0	0	0	0	0	0	0	0	0	0	0	0	0	0	0	0	0,0	0,0	0,0	0,0	0,0	0,0	0,0	0,0	0,0	0,0	20,20	0,0	0,0	0,0	0,0	0,0	0,0	0,0	0,0	0,0	0,0	0,0	0	0,1000	8000,8000	2	0	0	0	0	0	0	0	0	0	0	0	0	0	0	T70 Shadow Gloves T70 (Family set)	equipment_v2	1
10657	Shadow Boots T70	e0452	10110004	0000060004	0001060004	0002591004	0	0	00	24	10	5	0	7	1	1	1	1	1	1	1	18550	1,2,3,4	70	1,2,3,4,5,8,9,10,12,13,14,16	0	0	4	-1	0	0	0	0	0	0	0	0	0	0	0	0	0	0	0	0	0	0	0	0	0	0	0,0	0,0	0,0	0,0	0,0	0,0	0,0	0,0	0,0	0,0	20,20	0,0	0,0	0,0	0,0	0,0	0,0	0,0	0,0	0,0	0,0	0,0	0	0,1000	8000,8000	2	0	0	0	0	0	0	0	0	0	0	0	0	0	0	T70 Shadow Boots T70 (Family set)	equipment_v2	1
10658	Shadow Necklace T70	l0004	10130005	0	0	0	0	0	00	25	10	5	0	7	1	1	1	1	1	1	1	18550	1,2,3,4	70	-1	0	0	5	-1	0	0	0	0	0	0	0	0	0	0	0	0	0	0	0	0	0	0	0	0	0	0	0,0	0,0	0,0	0,0	0,0	0,0	0,0	0,0	0,0	0,0	0,0	160,160	0,0	0,0	0,0	0,0	0,0	0,0	0,0	0,0	0,0	0,0	0	0,1000	8000,8000	1	0	0	0	0	0	0	0	0	0	0	0	0	0	0	T70 Shadow Necklace T70 (Family set)	equipment_v2	1
10659	Shadow Ring T70	r0015	10130005	0	0	0	0	0	00	26	10	5	0	7	1	1	1	1	1	1	1	18550	1,2,3,4	70	-1	0	0	7,8	-1	0	0	0	0	0	0	0	0	0	0	0	0	0	0	0	0	0	0	0	0	0	0	0,0	0,0	0,0	0,0	0,0	0,0	0,0	0,0	0,0	0,0	0,0	80,80	0,0	0,0	0,0	0,0	0,0	0,0	0,0	0,0	0,0	0,0	0	0,1000	8000,8000	1	0	0	0	0	0	0	0	0	0	0	0	0	0	0	T70 Shadow Ring T70 (Family set)	equipment_v2	1
10660	Sanctum Greatsword T70	w0010	10100002	01020003	02020003	0	0	0	00	2	10	6	0	7	1	1	1	1	1	1	1	18560	1,2,3,4	70	1,8	0	0	9	-1	0	0	0	0	0	0	0	0	0	0	0	0	0	0	0	0	0	0	0	0	0	0	0,0	0,0	0,0	0,0	0,0	0,0	0,0	0,0	290,326	352,398	0,0	0,0	0,0	0,0	0,0	0,0	0,0	0,0	0,0	0,0	0,0	0,0	0	0,1000	10000,10000	3	0	0	0	0	0	0	0	0	0	0	0	0	0	0	T70 Sanctum Greatsword T70 (Family set)	equipment_v2	1
10661	Sanctum Sword T70	w0004	10100001	01010004	02010004	03010073	0	0	00	1	10	6	0	7	1	1	1	1	1	1	1	18560	1,2,3,4	70	1,9,10	0	0	9,6	-1	0	0	0	0	0	0	0	0	0	0	0	0	0	0	0	0	0	0	0	0	0	0	0,0	0,0	0,0	0,0	0,0	0,0	0,0	0,0	131,147	160,180	0,0	0,0	0,0	0,0	0,0	0,0	0,0	0,0	0,0	0,0	0,0	0,0	1	0,1000	10000,10000	3	0	0	0	0	0	0	0	0	0	0	0	0	0	0	T70 Sanctum Sword T70 (Family set)	equipment_v2	1
10662	Sanctum Bow T70	w0019	10100003	01030005	0	03030005	0	0	00	3	10	6	0	7	1	1	1	1	1	1	1	18560	1,2,3,4	70	2,11,12	0	0	6	-1	0	0	0	0	0	0	0	0	0	0	0	0	0	0	0	0	0	0	0	0	0	0	0,0	0,0	0,0	0,0	0,0	0,0	0,0	0,0	270,304	329,371	0,0	0,0	0,0	0,0	0,0	0,0	0,0	0,0	0,0	0,0	0,0	0,0	0	0,1000	10000,10000	3	0	0	0	0	0	0	0	0	0	0	0	0	0	0	T70 Sanctum Bow T70 (Family set)	equipment_v2	1
10663	Sanctum Gun T70	w0024	10100004	01040003	0	03040003	0	0	00	4	10	6	0	7	1	1	1	1	1	1	1	18560	1,2,3,4	70	2,11,12	0	0	9	-1	0	0	0	0	0	0	0	0	0	0	0	0	0	0	0	0	0	0	0	0	0	0	0,0	0,0	0,0	0,0	0,0	0,0	0,0	0,0	270,304	329,371	0,0	0,0	0,0	0,0	0,0	0,0	0,0	0,0	0,0	0,0	0,0	0,0	0	0,1000	10000,10000	3	0	0	0	0	0	0	0	0	0	0	0	0	0	0	T70 Sanctum Gun T70 (Family set)	equipment_v2	1
10664	Sanctum Staff T70	w0060	10100009	0	0	03090004	04090004	0	00	9	10	6	0	7	1	1	1	1	1	1	1	18560	1,2,3,4	70	5,13,14	0	0	9	-1	0	0	0	0	0	0	0	0	0	0	0	0	0	0	0	0	0	0	0	0	0	0	0,0	0,0	0,0	0,0	0,0	0,0	0,0	0,0	235,265	287,323	0,0	0,0	0,0	0,0	0,0	0,0	0,0	0,0	0,0	0,0	0,0	0,0	0	0,1000	10000,10000	3	0	0	0	0	0	0	0	0	0	0	0	0	0	0	T70 Sanctum Staff T70 (Family set)	equipment_v2	1
10665	Sanctum Dagger T70	w0046	10100007	01070004	0	03070004	04070004	0	00	7	10	6	0	7	1	1	1	1	1	1	1	18560	1,2,3,4	70	4,16	0	0	9	-1	0	0	0	0	0	0	0	0	0	0	0	0	0	0	0	0	0	0	0	0	0	0	0,0	0,0	0,0	0,0	0,0	0,0	0,0	0,0	239,269	291,329	0,0	0,0	0,0	0,0	0,0	0,0	0,0	0,0	0,0	0,0	0,0	0,0	1	0,1000	10000,10000	3	0	0	0	0	0	0	0	0	0	0	0	0	0	0	T70 Sanctum Dagger T70 (Family set)	equipment_v2	1
10666	Sanctum Cap T70	e0699	10110001	0	0	0	0003970001	0	00	20	10	6	0	7	1	1	1	1	1	1	1	18560	1,2,3,4	70	1,2,3,4,5,8,9,10,12,13,14,16	0	0	0	-1	0	0	0	0	0	0	0	0	0	0	0	0	0	0	0	0	0	0	0	0	0	0	0,0	0,0	0,0	0,0	0,0	0,0	0,0	0,0	0,0	0,0	20,20	0,0	0,0	0,0	0,0	0,0	0,0	0,0	0,0	0,0	0,0	0,0	0	0,1000	8000,8000	2	0	0	0	0	0	0	0	0	0	0	0	0	0	0	T70 Sanctum Cap T70 (Family set)	equipment_v2	1
10667	Sanctum Body T70	e0102	10110002	0000060002	0001060002	0002591002	0	0	00	22	10	6	0	7	1	1	1	1	1	1	1	18560	1,2,3,4	70	1,2,3,4,5,8,9,10,12,13,14,16	0	0	2	-1	0	0	0	0	0	0	0	0	0	0	0	0	0	0	0	0	0	0	0	0	0	0	0,0	0,0	0,0	0,0	0,0	0,0	0,0	0,0	0,0	0,0	51,51	0,0	0,0	0,0	0,0	0,0	0,0	0,0	0,0	0,0	0,0	0,0	0	0,1000	8000,8000	2	0	0	0	0	0	0	0	0	0	0	0	0	0	0	T70 Sanctum Body T70 (Family set)	equipment_v2	1
10668	Sanctum Gloves T70	e0277	10110003	0000060003	0001060003	0002591003	0	0	00	23	10	6	0	7	1	1	1	1	1	1	1	18560	1,2,3,4	70	1,2,3,4,5,8,9,10,12,13,14,16	0	0	3	-1	0	0	0	0	0	0	0	0	0	0	0	0	0	0	0	0	0	0	0	0	0	0	0,0	0,0	0,0	0,0	0,0	0,0	0,0	0,0	0,0	0,0	20,20	0,0	0,0	0,0	0,0	0,0	0,0	0,0	0,0	0,0	0,0	0,0	0	0,1000	8000,8000	2	0	0	0	0	0	0	0	0	0	0	0	0	0	0	T70 Sanctum Gloves T70 (Family set)	equipment_v2	1
10669	Sanctum Boots T70	e0452	10110004	0000060004	0001060004	0002591004	0	0	00	24	10	6	0	7	1	1	1	1	1	1	1	18560	1,2,3,4	70	1,2,3,4,5,8,9,10,12,13,14,16	0	0	4	-1	0	0	0	0	0	0	0	0	0	0	0	0	0	0	0	0	0	0	0	0	0	0	0,0	0,0	0,0	0,0	0,0	0,0	0,0	0,0	0,0	0,0	20,20	0,0	0,0	0,0	0,0	0,0	0,0	0,0	0,0	0,0	0,0	0,0	0	0,1000	8000,8000	2	0	0	0	0	0	0	0	0	0	0	0	0	0	0	T70 Sanctum Boots T70 (Family set)	equipment_v2	1
10670	Sanctum Necklace T70	l0004	10130005	0	0	0	0	0	00	25	10	6	0	7	1	1	1	1	1	1	1	18560	1,2,3,4	70	-1	0	0	5	-1	0	0	0	0	0	0	0	0	0	0	0	0	0	0	0	0	0	0	0	0	0	0	0,0	0,0	0,0	0,0	0,0	0,0	0,0	0,0	0,0	0,0	0,0	160,160	0,0	0,0	0,0	0,0	0,0	0,0	0,0	0,0	0,0	0,0	0	0,1000	8000,8000	1	0	0	0	0	0	0	0	0	0	0	0	0	0	0	T70 Sanctum Necklace T70 (Family set)	equipment_v2	1
10671	Sanctum Ring T70	r0015	10130005	0	0	0	0	0	00	26	10	6	0	7	1	1	1	1	1	1	1	18560	1,2,3,4	70	-1	0	0	7,8	-1	0	0	0	0	0	0	0	0	0	0	0	0	0	0	0	0	0	0	0	0	0	0	0,0	0,0	0,0	0,0	0,0	0,0	0,0	0,0	0,0	0,0	0,0	80,80	0,0	0,0	0,0	0,0	0,0	0,0	0,0	0,0	0,0	0,0	0	0,1000	8000,8000	1	0	0	0	0	0	0	0	0	0	0	0	0	0	0	T70 Sanctum Ring T70 (Family set)	equipment_v2	1
